distance_km,hour_of_day,day_of_week,vehicle_type,eta_minutes
9.676232911760382,18,0,car,35.33524757131459
23.792500507042945,7,3,bike,56.961585990742165
18.433851574379425,6,1,scooter,32.03500789005929
15.167132862827398,15,5,van,31.411471745746848
4.322456690839695,18,5,car,11.257126033116286
4.321865748236965,5,1,scooter,9.20168591433129
1.9230484981208869,19,4,car,8.131355060619416
21.721315571485913,20,2,car,71.97369861615852
15.227317787708616,10,2,bike,75.69784373449319
17.847778156003116,4,4,car,24.4913815548882
1.00432011024716,15,3,scooter,2.5337832703008747
24.26279137796886,6,0,scooter,47.12112908383056
20.89484469961033,4,6,van,26.641438057782914
5.7023082116177655,10,6,car,15.74463025315961
4.954711696573965,14,0,bike,10.569963031824471
4.993410491409128,2,5,bike,10.571034283711109
7.953934952508674,4,3,scooter,7.289869329711197
13.356532574989828,22,4,car,27.30905765559742
11.082652956731836,20,6,scooter,43.12514436303682
7.6351139348520265,4,1,van,10.66234123229489
15.490395920698298,8,2,car,57.31465030298013
3.917599585975025,14,1,scooter,4.818453510693745
7.657543889112845,2,2,bike,17.518380743498223
9.475865160695447,5,1,scooter,12.119276930478435
11.67371461331738,16,4,scooter,26.447739899296693
19.736811054128832,20,4,scooter,74.63506452618304
5.392007662879814,7,3,scooter,14.03257216130648
13.098743741133484,20,1,scooter,56.260716680862785
15.01415693712004,10,1,bike,67.65923422687236
1.6380351116399443,5,3,bike,8.295843150417586
15.38484887158524,7,3,scooter,33.82518724834485
4.677841030338643,9,4,bike,16.45966071093493
2.093764028139348,23,4,bike,2.3955297065484182
23.747695662706665,2,5,bike,41.236196447474356
24.157984810326703,22,1,scooter,50.48530445619904
20.3057350288533,13,4,bike,49.06912677887975
7.9630373447475815,22,6,car,14.654260177892981
2.892966793156405,13,4,scooter,3.1638460397629684
17.263709149547843,9,1,scooter,69.19692541883347
11.283736096620231,11,3,car,16.806803999598053
3.4899367536970813,5,1,bike,6.847387941038198
12.631834297726119,11,6,scooter,24.971500348383017
1.3425187673228507,22,0,van,5.221507368872363
22.778349850930162,13,1,car,39.71726895710541
6.840109549200415,1,0,van,14.24398710211779
16.731795966672557,8,1,car,60.63069164129033
8.136921364190568,9,6,bike,39.35477083013966
13.241666518856364,16,0,bike,35.28240425889804
13.894401843910352,16,0,scooter,29.758072742054036
5.028934160375412,2,6,bike,10.875479405002293
24.254823380231684,18,1,bike,117.15383046794125
19.490754172347305,0,5,car,21.509798148049853
23.517724068322632,11,4,bike,59.045364245284894
22.423270085477395,6,2,bike,56.08722121232091
15.148549480871585,3,4,car,20.85197502356353
23.085918758066363,9,0,car,78.56793887374863
2.6680663002720277,12,1,bike,5.653197552511641
5.301580129269057,1,1,car,5.764963092739799
1.6080685783081825,9,1,car,9.280501459525404
8.470593103699976,20,1,scooter,37.41765329026288
10.022593597392309,21,5,bike,24.323222763394842
7.14805127846045,3,2,bike,10.040826583500055
20.804068974222268,17,3,scooter,82.13840337819401
9.240456503992938,4,0,bike,16.287130490670624
7.382895487340829,18,2,van,29.822547249551388
13.796054037377088,1,4,car,23.780384026410665
3.9526435118816847,11,3,car,7.977353672730919
20.153826028473972,16,3,van,44.17259763672678
2.3264907701543853,9,1,car,6.578778777151744
24.678729946712675,1,2,bike,48.14700817076013
19.419996847768108,5,4,bike,42.42691215178995
5.368534197587224,7,1,car,9.44605454876727
0.6352918695282588,18,1,bike,2.348856569101044
20.47880499714344,10,6,scooter,70.95887064865522
17.81800492426662,11,6,scooter,30.02167886001434
18.36067561700419,8,6,van,68.41627988247188
19.39612349380567,1,5,scooter,24.1135692611136
2.314093967485214,7,0,car,2.0
9.282410349334679,10,3,bike,44.49185250407544
3.338791958365678,20,4,scooter,13.598463645198443
21.64603393395204,3,3,bike,39.14256511202822
15.770804107275168,9,2,car,58.44226322638956
8.607001608889906,20,0,bike,42.560079673613686
2.057179582007579,19,1,car,9.280561581769266
8.119066882033724,15,0,bike,21.79282755423215
8.466991389655302,7,1,bike,20.634717173415353
18.37535136928257,3,6,scooter,25.238364253578993
16.120158048202722,9,0,scooter,61.90012911728601
22.23671219312,11,1,bike,55.33605780262586
12.069265666467757,13,3,bike,27.966293515376837
3.430059025488392,15,6,car,3.1938773211252767
17.974497286963377,21,6,scooter,35.16589324386013
19.139233691113986,17,6,bike,75.88877398416102
14.251291340452658,20,3,car,54.01879763712474
19.388695908886746,21,3,bike,51.45266215039728
12.597992110927573,20,3,scooter,49.72524523217325
13.306954319858855,11,6,bike,33.126632337933906
10.974754949784465,17,0,scooter,41.23399189778059
1.122768605230332,6,1,bike,5.676911486083685
3.143339961335959,19,3,van,13.521855884583923
1.270015049324989,23,0,bike,2.0
16.09205507596262,22,1,bike,36.727899314056145
8.201721536370004,6,6,bike,16.593128179739036
12.959981933535218,8,0,car,46.771242707218306
22.73537861118928,0,6,scooter,28.983974990576247
6.607659614147436,5,5,car,6.75743155340475
10.554381614372929,5,3,van,19.02028379798985
19.011002894304692,21,2,van,42.20215135005014
6.10555505454475,11,0,car,10.191489050799674
2.3860077908054285,21,3,bike,4.8178824164523935
7.5989105963873165,11,4,car,15.844623270405174
4.4499215377231085,9,1,bike,20.43422343007907
23.27759248239304,22,5,car,31.131358673543808
20.298949299328214,5,3,scooter,30.045951420001227
16.018392034505375,16,4,car,29.10055064309975
21.850784459599083,18,0,scooter,86.95526600316666
20.189965884028304,17,0,scooter,79.25157176902061
5.070966442707878,5,4,van,4.594326591310604
22.367695463004456,23,5,bike,35.47619611100801
13.713884926933442,18,4,bike,66.5103861988398
20.282283801519533,9,1,scooter,78.10698196896192
22.454236848125586,23,0,van,36.44461692014281
8.291085136810665,7,4,bike,16.61691740290694
3.1962721509280807,20,2,bike,14.95577142079451
6.084411482277571,23,2,bike,16.409245746122483
10.96414082134328,5,4,bike,20.756630570615602
20.54136176510108,20,1,van,83.28968746898077
21.587899289780413,6,0,car,38.0012181883433
0.6703271980141723,23,2,scooter,4.966715161911874
13.013308913150361,0,4,scooter,15.868305717281052
10.726569577145085,17,6,car,28.84335511220699
5.941641356532891,23,4,bike,11.744229475641845
3.4367014996752285,19,3,bike,16.234820840484094
8.771571699388884,11,4,scooter,21.176651509877892
23.60128774585672,15,1,bike,56.10117943173059
8.418471834508503,9,2,scooter,36.150229835001724
13.210370232712469,9,3,bike,67.99408690515881
17.723964492931856,13,2,bike,39.93474673071041
9.408925258292703,19,2,bike,47.405858065638526
24.308661026663536,9,1,car,82.14139636513316
24.079958726081724,9,4,bike,108.93809463391578
6.668666247721422,10,1,van,30.009125717972033
12.682588394363444,22,4,bike,32.236535252680525
7.871518590510857,1,3,car,5.732296419672661
7.478592112247957,19,1,car,24.279099595579908
1.4037302101860534,7,1,van,2.0
15.434326182507473,22,6,car,25.4376544420299
12.815636069107107,6,5,bike,22.098100973868007
1.761229405624739,7,0,bike,4.547226986325384
7.32683837379698,0,1,scooter,4.252978887378953
22.752514206183015,20,5,bike,96.10554516543787
6.369266321340825,1,0,bike,12.134032408922977
4.049924366234966,17,6,car,10.54142684554099
12.491592626800294,14,4,scooter,29.268076930073526
24.64843612570972,0,4,scooter,30.05122124590791
6.43035415203176,4,4,van,10.545020086211183
16.967320911444023,1,5,scooter,26.291552748014468
19.15968057555358,19,5,scooter,67.02879295669902
6.322119827813792,2,0,car,12.435059754390457
18.34130054099056,18,4,bike,86.68652221199875
9.510686751621703,17,2,bike,45.14981488663438
15.991492849542697,21,1,van,37.967255472751454
16.02147791364192,17,5,van,62.39103232831517
13.626479759831582,13,5,car,27.51052478384653
2.7120993663330033,23,5,scooter,3.936676938796704
20.96491114193633,7,0,car,36.54058694970848
8.359111591807528,11,4,bike,18.677667595266982
5.069703504796428,20,2,bike,23.72241546165332
1.498990968091716,9,1,scooter,9.230160562544683
14.976877108111925,22,1,scooter,29.952958101491934
17.10032686513592,19,4,bike,79.65969447181045
0.9064018087324757,16,2,bike,2.0
13.046279928332384,10,0,bike,62.35115790024896
6.04914649234948,1,5,scooter,5.86496986281063
16.30673336503152,3,5,car,17.324717924604712
4.77197751062229,0,6,scooter,3.384533517077134
17.427974583510416,14,4,bike,40.559324595653365
9.975015984363166,12,1,scooter,23.448659421650877
23.449884724049994,7,5,scooter,40.927576401436
3.869263131576835,3,6,scooter,12.56022992885205
8.856125600731334,9,1,bike,40.21780670453792
3.2801012703944323,18,1,scooter,14.57688856759422
23.15499364782479,17,4,van,99.9023045328504
21.994814157834035,4,3,bike,42.557129289626445
6.819569879021312,18,6,bike,26.64608409298636
16.669609127837386,22,3,scooter,32.233822742872185
20.52194390492979,21,3,scooter,42.26565515450204
14.102419884186826,15,6,bike,27.917129380394112
13.476439169722159,0,2,bike,19.559171806611467
6.425381127061066,11,4,bike,19.352269370076876
2.7810178112445305,23,6,van,6.650455013196128
22.481786069856504,1,1,car,28.394899398000362
22.560242400501597,20,6,scooter,79.12535992878175
16.010985703195065,7,5,car,26.887799509278434
8.806229880693166,17,6,bike,40.78910146129279
9.055634578010192,15,2,car,15.836722917920778
18.285914132320865,4,3,scooter,26.37609740475374
22.47920136883814,21,0,bike,58.34288865187662
22.233617394495376,12,2,car,38.3989304386187
19.606950873511785,18,2,car,66.78223754680334
16.22977533078005,2,4,car,22.191541226180366
2.5614291423786963,7,5,bike,8.809771412865496
4.459903495318038,11,2,van,9.44053991807095
22.514577618913442,1,6,van,35.22925095739761
15.357511961659954,10,5,bike,63.475293028643975
0.7253277646074263,11,4,bike,3.567952673790281
2.9860528002177866,17,6,bike,9.619259572210415
16.755793343147367,12,0,van,39.114099686971166
0.6240088042323578,4,1,scooter,2.0
4.439797259728717,21,1,bike,12.033374716411005
13.94397783948136,11,3,bike,29.005842135975463
17.451432343470984,1,3,bike,32.29247193574211
16.47305085781371,4,0,scooter,25.90752474145168
5.994598081783715,6,1,scooter,9.945218700740343
17.948390923014628,23,3,van,29.2559358459104
6.312602643671601,11,5,scooter,11.76474188985178
8.472292604902059,15,2,car,16.21373613746688
18.789039425391593,22,4,bike,45.39412394663508
16.41600602665676,7,6,bike,38.256822322475095
21.30597355710736,8,3,scooter,88.69868111516955
16.611515861358413,14,0,bike,39.775774673069726
14.423560781719054,4,6,bike,19.163887625859374
2.7950318117882658,12,1,van,4.528125237826866
9.509037174956122,4,0,scooter,7.941910273297896
6.9974580082022735,10,4,bike,33.03840885553289
6.477746262787548,9,4,bike,35.29844238829234
24.338758591434917,19,0,bike,119.19906736820725
10.13089425433563,12,3,van,21.95959076613641
22.355140601839274,8,3,bike,105.12228197180673
15.96289633693294,20,1,bike,76.98881528754369
19.972876936770387,13,5,scooter,41.12912057920104
12.814608781077206,17,1,bike,65.97321796073432
14.634145173345798,14,2,bike,34.671062634226516
12.566683498562165,9,5,bike,48.00640312869363
5.28345320105209,23,6,bike,15.10608666753968
18.20007682390688,6,2,bike,41.49366450111418
7.378922879800967,7,1,bike,19.29964092432047
1.095741177570619,2,5,car,2.0
16.31407124972561,14,5,bike,33.077503200149245
4.839211645472699,15,2,car,3.607441202280741
23.5412353166464,3,0,car,27.55773092275559
23.87125013656339,20,3,scooter,92.71085404773211
22.91417756040099,5,5,bike,38.21631535025074
9.568888156258387,0,6,bike,15.07315527469684
0.878687104957252,3,6,car,9.14434973008057
23.243804783399273,10,5,scooter,84.24940861369674
10.9905116337742,11,2,scooter,25.44749640218071
24.183043066569905,4,5,bike,40.33327911117453
24.108689438686696,22,2,van,52.489633315205005
21.39873165895032,20,0,bike,106.2810839291496
7.713997855704849,15,6,bike,8.955114338836577
9.934894350747168,12,5,scooter,15.411444181870008
21.352848452162995,12,4,bike,47.16535337814562
8.264589126328802,16,1,scooter,10.876310693762075
4.652572293809266,6,6,car,4.629427287472236
14.141630930229578,7,0,car,20.799433057085245
23.435791966939135,12,4,car,43.75823164112652
17.55273001853684,22,6,scooter,30.801383074820496
14.466498667189441,15,0,scooter,22.90310500490111
2.880824097383829,3,3,bike,6.260569075403257
15.567677054129659,7,0,scooter,28.098773851363795
24.75631932755445,15,0,bike,59.602052079858865
3.9320583732948386,20,3,bike,20.055045242311706
13.19907648291155,9,5,bike,52.84035032755251
21.995640262234907,11,1,scooter,44.64336003588506
18.64883113497801,11,4,scooter,38.503882550198064
17.576885654384064,4,6,van,24.701003048635652
17.710860057684176,15,2,bike,40.34719035484786
9.307533204884002,0,1,van,15.351514954357638
7.693000184480088,8,6,car,22.51719452083048
20.329348309223583,11,0,scooter,41.608258952546954
20.347778169639927,4,2,scooter,30.512955032435446
21.74327180521254,21,3,bike,48.607792982979184
22.874393537633548,19,1,car,77.91946503884598
13.027888772092975,21,5,scooter,23.637230854629774
12.78714921983639,23,4,van,21.63312505667857
20.05823188468599,2,1,scooter,30.52603951868854
16.424116304055246,4,1,car,20.19833637689638
17.69818849281373,1,5,car,18.679120714097635
19.996920401184475,13,2,bike,46.68898174658998
22.305130874530374,1,3,bike,44.407183740716086
8.780881342862628,12,5,scooter,12.427546113599403
9.701782339678628,6,6,scooter,17.14563372868395
2.8025575261012907,9,3,bike,9.678282493831421
14.667863454406262,12,5,car,24.15933492718754
1.380585708020181,15,1,scooter,2.0
11.907151444245274,13,3,van,23.038485650937496
13.794793550335628,10,2,car,47.94278064644699
7.520260677142968,9,2,scooter,22.698798114762038
14.975414883940763,5,4,van,20.78631867163695
1.247256123506711,3,3,scooter,3.001582836406499
1.415030624355753,20,4,car,7.895351857744807
20.653713736161627,0,6,bike,34.50927547003613
9.32467071457594,6,5,bike,19.87848125174284
3.612982559971177,23,0,scooter,12.789587181455818
13.294959871342707,8,6,scooter,47.71753952156544
19.364842050915964,7,2,scooter,35.59614535263831
5.787615173672658,4,1,scooter,11.978008735806448
15.760816657565506,18,2,bike,73.7288157710877
2.591012892347316,9,0,van,8.979628055575546
1.7662021686308886,10,1,scooter,2.922010093387426
13.518188473419626,14,3,scooter,25.802133620528306
13.74556047944761,5,3,scooter,17.45853118086937
16.11703258670606,14,6,car,25.697664006465605
18.289237676205207,4,2,van,29.770848500871963
24.4083759468321,18,1,scooter,93.5506420489442
13.149358533379285,21,5,bike,27.19900955893743
8.412433587060526,18,1,scooter,36.63122812923632
19.98206177183324,9,4,scooter,84.79503120349833
7.135390155920819,11,0,car,6.863251026405938
11.254799807288084,21,6,bike,21.15324158493602
2.4221813428855157,3,3,van,2.0
1.121093213678709,17,2,scooter,5.545026037259529
24.084886159609162,15,1,van,47.38373911237728
20.981512952549043,7,3,bike,53.53333622975067
17.5513680492956,3,2,car,26.755739904134952
10.519347138149612,22,3,van,24.995814304642963
4.745710841735722,11,2,van,8.017518198531
4.3327075454416075,1,3,bike,6.035886402770126
6.6309510050325855,3,5,bike,9.275063287643754
13.956053285299951,4,4,scooter,24.786076627763585
18.00760010615153,2,0,bike,28.15070337253422
16.674835729584416,8,3,bike,81.19758384961477
7.3583804751756,20,0,bike,32.519880000284786
23.894199376248256,17,3,scooter,94.31853519924069
18.57847445904633,10,6,scooter,66.82921107121612
14.081674286529317,2,1,bike,21.450598167665614
15.48715828274163,22,4,bike,36.33595835192273
10.780201529480852,1,6,scooter,14.035162951290193
6.569409242778358,8,5,scooter,22.73794209041653
9.22133062695591,13,4,bike,21.82165030919864
19.067229706377045,3,0,bike,36.87101431205605
0.8526404714290188,8,1,van,2.2982047801517957
3.3437796924194476,12,2,van,8.261343009447467
1.6270647295329423,17,6,van,7.0531117675295585
1.4978556568147683,14,4,car,3.4259582422446586
21.458784308269678,9,5,bike,91.15061578910374
17.73961755481058,15,6,scooter,31.697749987750363
12.117258812639466,11,1,scooter,23.965499648287903
2.8969369359495363,19,1,scooter,7.780906039883345
12.544588940362393,4,0,bike,27.23080152307024
12.100058384123859,1,5,scooter,21.27124590128185
4.743445812795372,9,1,scooter,17.895561813200683
11.12936540633034,0,1,bike,21.915744304211053
10.263365992735649,6,2,car,15.951503064755332
15.588327402279303,16,0,bike,35.251326418920435
16.05979444625727,15,0,bike,38.70945410502936
1.6099482394150906,23,5,bike,11.00689978684784
9.678009058348545,2,1,bike,22.653134679190522
15.833567934998792,13,2,bike,42.33716381704994
12.826838335212148,9,3,van,56.528480036796054
21.484001109113894,21,4,scooter,40.21542697352388
16.637993974664152,6,6,scooter,32.0460886566482
4.491893463495027,16,0,bike,2.253923681270326
2.228934311310531,5,2,scooter,4.6017536811028235
16.23927231605473,22,5,car,27.501244719077654
1.1495271082697345,21,2,scooter,2.7535069807740418
14.85150174119985,3,1,car,24.562515041324737
23.53564091491146,16,4,van,46.15585322031899
14.599117357959035,8,0,car,54.85620362747519
10.010163192059787,3,3,scooter,14.92711595020019
16.26056135183765,6,1,bike,43.37769557902003
11.727195817042157,22,0,scooter,26.514982251462133
13.867611338240406,1,6,scooter,23.09419994852655
23.565887815024865,16,5,car,38.055670291657336
9.959514626118969,23,0,car,15.209230757653017
24.0491688136859,7,2,car,45.325637793852465
22.68109072792356,22,6,car,33.9767596544469
5.2968828023377625,14,4,bike,14.519543873362432
2.1993518714415536,14,3,bike,5.267590639753108
2.9690610337469527,7,4,bike,5.068246853568207
0.9464347284629684,15,2,van,3.608913184230425
2.8138525385202455,18,3,car,10.237731820482058
17.233665948700743,10,3,scooter,72.70558651751435
2.24412188727561,1,1,car,2.3825184329509113
8.314902942197152,22,3,car,11.972044985524882
21.199445118751637,23,0,van,38.67316889611957
1.0701624255277338,16,4,car,2.0245874192981725
20.454477823428928,15,5,scooter,33.19931749379402
7.405441981948298,14,5,scooter,17.046167494029994
3.3950382767305785,12,4,bike,10.928373986819036
17.57006055142169,14,1,scooter,40.686618599137965
15.909099746107158,3,3,scooter,23.45279426226599
21.9980643314128,15,2,bike,51.35290703293769
18.5092405731952,11,6,car,24.331699688897224
20.18528279442879,3,6,scooter,25.303007753050935
7.409847027997009,2,0,van,11.05495318165681
4.847268822603209,21,1,bike,13.682449567851341
18.89006141520103,16,6,scooter,30.064171324310667
20.26745111204797,21,3,scooter,38.54489171192762
24.767375979016496,17,5,bike,108.46684556127678
10.60913308432995,17,2,scooter,33.643738616611856
9.614443101923188,22,3,bike,24.515445222978247
19.52211753817892,16,1,bike,42.98183225330322
8.849686736198937,11,2,bike,18.82349174988083
23.303554477287335,22,6,bike,52.903590208969405
21.53111242015379,20,2,car,74.03568650198889
11.01035367068795,23,2,bike,28.298035035510864
18.896341160891687,3,2,scooter,30.951731975413875
18.986300415074716,11,6,car,25.813538000658994
3.026534786480349,22,3,scooter,7.726286631954752
22.612546213649384,21,2,van,51.84537341827783
12.8786831249725,20,3,car,45.721283036216484
20.74820791963967,19,2,car,70.49063015146197
8.341215225249988,14,2,bike,14.945744362713775
22.440319098156913,22,1,car,37.50178068337452
10.035441128986996,15,3,car,22.20646239059081
0.7655224612673098,4,5,bike,2.0
22.681858422271958,20,3,bike,107.63745711609317
2.736523581260272,14,4,bike,9.54752424029319
8.323184120965164,16,6,car,14.266338576763083
23.77651819274472,17,5,scooter,78.7712339403472
23.789875099970125,4,1,car,31.045413559386244
14.54922825902051,12,3,bike,39.13905686744846
15.980011698160082,18,1,car,54.868047272155785
11.486915288468834,12,5,bike,28.26638579076431
7.683663906602581,17,1,bike,41.344914137943995
8.55228136156294,13,1,scooter,14.321582541537452
16.976702173887443,3,0,bike,30.456468854080065
18.93317597122316,3,3,bike,36.92636630896784
19.89368657128329,19,1,bike,90.87663749591678
19.84564449846657,19,0,scooter,78.71342961601255
2.734549524692914,18,0,van,13.358057048121992
12.613297465213247,12,2,car,19.756042501058104
1.910189620407785,11,2,scooter,5.584700475808102
13.963457616931521,6,6,bike,27.34061091204402
11.317497283647738,11,5,scooter,17.848847617992273
22.248752477578343,20,3,car,78.5139948222082
9.097417807525927,3,2,bike,20.8993676751023
3.3681419024763435,1,5,bike,3.274816689162656
4.0032962102944785,1,3,bike,3.7566196416110835
19.15701047707807,4,5,car,21.8551799970292
15.646342551248395,22,6,bike,34.053941436123054
2.977505565008361,9,6,car,6.71485383741995
2.560616749817437,9,0,bike,17.273026566376373
17.67374372074844,8,0,bike,84.39344886352306
2.2826936559227415,12,3,scooter,2.3772829019020247
20.63557145261373,6,5,scooter,41.68305658962604
17.80293456533416,4,5,bike,32.379588877846096
2.4930451257265442,9,2,bike,9.784331625142629
2.578523995087202,9,2,bike,15.578337635492817
24.672669673278797,5,3,bike,43.582011600064185
9.669634496024948,18,4,bike,48.716975115998565
9.580732603138827,20,2,van,46.39225586693873
20.413589397808813,7,1,scooter,37.200665558724076
23.70759014590454,0,2,scooter,34.85990515855759
24.657026063660336,16,4,bike,57.62936928154681
18.95776553884407,6,5,bike,40.360857611187875
9.718359845507436,13,0,bike,24.7440671271204
2.545767559117385,20,0,scooter,9.915770205898568
19.5400994402222,20,5,scooter,62.92004496363806
14.180904118527224,16,0,bike,30.341137803583273
10.89343922655092,8,2,car,34.69828829809523
22.705682434821032,16,6,scooter,41.1678334656644
3.224338316500708,4,0,bike,2.0
12.569315055126049,19,6,bike,49.72217929687134
0.7781642968017672,7,4,scooter,2.0
11.982185728856093,5,6,car,14.763639413585617
1.879430254205015,10,4,bike,12.416491488325654
3.411038948567762,18,2,bike,16.8354491524011
3.3793930460390698,3,5,scooter,10.501436979606453
16.405652401843557,17,1,bike,79.20897706687119
18.77809954200287,0,2,scooter,28.606948037240343
14.792534744880411,12,0,scooter,27.232553363667183
24.073227437626276,13,2,bike,58.38471500331105
9.68432919833075,23,4,bike,15.398433744474955
7.499946113905588,0,2,scooter,8.601447361472541
21.780678640641778,10,2,bike,101.5245730239238
5.97809804372659,16,1,bike,13.674752918559273
24.098952216294975,3,4,car,30.278530579211008
0.7977846299005004,11,3,bike,9.878884804012865
24.262031254337156,9,3,scooter,97.67626487571755
1.5574178427891148,5,4,bike,3.4539931654594334
22.333006285602742,0,3,scooter,32.70260106891212
13.428677172614346,6,0,bike,41.42524879544308
24.82763750492286,20,3,van,103.63231738998145
2.308015836017272,15,0,car,2.535469360788377
14.06942996783236,23,4,bike,28.971964372018874
24.247912122667923,13,3,scooter,49.102878440269805
13.315897182168646,22,3,bike,28.139045552662388
15.920266634313933,19,5,scooter,55.45671759715533
17.54584288012312,19,6,car,54.34964140795189
11.636256086810445,5,0,scooter,19.437991254140513
15.875172962059555,21,0,bike,40.08396778774028
14.815700642115956,4,2,scooter,29.350479270519855
22.57837125702923,23,1,bike,42.49773721452302
1.6134363183657179,20,3,car,7.918715038589246
7.383598145009643,17,5,scooter,18.40954649289772
23.78508135987569,14,1,bike,62.68088996576335
22.31146270532745,5,6,bike,36.012730988585005
11.663590443249968,18,6,car,32.16942043980336
15.69324864613765,0,5,car,17.409440625960166
7.295838983037751,0,1,bike,15.456806806958404
5.1089684132321525,12,3,bike,15.365769769441613
11.860610921029563,2,6,scooter,15.581295855081823
9.157129586638295,9,5,bike,40.02538853826069
14.799574740346365,20,0,bike,70.24830771046378
2.4044986056421287,2,2,bike,5.913956441547475
24.372672787821077,8,5,bike,102.34823583010089
24.66216323975027,7,4,scooter,50.226804500637314
17.604961993483755,2,6,van,24.301166462392274
13.63436097543095,12,6,scooter,24.92290706112298
8.08342659901503,5,3,bike,12.443609306221195
20.437977982820243,12,3,scooter,41.45981190925051
17.275913727570043,22,4,scooter,32.64842534350462
4.484115013949837,19,6,bike,15.7353169005292
22.81771602009914,19,1,van,95.67352311784617
20.65216245161764,11,2,scooter,40.68024923432804
23.770097875652137,12,1,van,49.35050810928537
18.280127955514818,1,4,scooter,29.31213270994205
15.528672300426852,20,4,scooter,62.353765081663965
10.746954389120162,23,2,bike,22.884212527987934
23.351847842173324,22,4,scooter,46.45030862246786
21.718565292760005,15,4,bike,52.666617878221146
1.6078574176016405,22,6,car,7.994569810188299
1.1459908751826742,5,5,car,2.0
9.723352488512216,18,6,car,28.133420173323938
20.358556604154906,20,2,car,73.41123077624471
24.68826516821614,12,3,car,39.452259642415775
4.185213832036441,16,1,bike,13.990635925089574
15.056202526127311,22,3,scooter,29.401712580140213
9.831825987460027,8,3,scooter,36.82739869221361
24.26290274645778,16,5,scooter,44.91200158973808
21.131913616824864,1,1,car,27.112880798176356
21.039053265422876,18,3,bike,106.46031819004013
11.982982414976773,18,2,bike,57.76178854810806
10.663077807272797,23,1,van,17.798159907906847
7.1984732623023024,6,0,scooter,12.638638959434488
1.8811996679477143,21,5,bike,3.4856890247205956
21.685698218248803,9,3,car,73.53303389604017
20.4160747236869,9,4,van,91.49161018579755
24.9930829955102,19,1,bike,120.83560607658842
24.917602508310683,8,0,car,87.5484322706519
14.108076787264373,16,4,van,30.527084099553022
19.340191671922508,14,0,van,40.21041166436181
23.646760382119485,1,3,van,40.091149225430904
21.31636107159658,3,4,scooter,37.56664199978982
6.5600284927083425,18,3,bike,28.342957956285726
11.538331315097292,16,4,bike,28.95043884604694
3.664405671211627,4,1,bike,11.254800826971682
23.8742501678387,6,6,scooter,39.07611674473029
15.351278544046561,17,2,bike,76.45217098716549
6.101748734834836,20,6,bike,28.237681136085648
16.95666676794349,21,2,bike,36.81315825717201
15.644141891218448,6,6,bike,35.97995335409973
9.274986591804593,16,0,car,14.11762301283474
3.282161008890911,6,5,bike,7.926276992734069
16.95354329202359,3,4,scooter,29.154797843377093
13.247538672142936,7,3,scooter,30.0953209110979
19.421800597523163,12,5,bike,35.92490487693575
13.244005777243839,3,1,van,27.196586263072277
21.378446757804234,5,1,scooter,37.143702771996715
14.021717549974896,4,1,bike,29.042050145668902
14.242980302616964,11,2,bike,35.267586617067934
21.97801326512945,3,3,bike,39.26770008039103
10.385330222203727,23,1,bike,15.923371830837805
3.783373097040698,8,1,bike,13.288669851540595
1.205175569676805,3,6,scooter,3.5458830283046634
19.000862764003667,18,0,car,68.30010745935718
15.697584008159884,23,4,scooter,23.896265277745282
17.749954318430976,13,4,bike,41.216966845091534
5.717621956968313,4,4,bike,10.765348279204375
3.841101151875859,17,5,scooter,11.439187143459943
0.8563443088631073,9,6,bike,3.639135768091815
9.089395190761627,18,6,bike,35.845048408359084
14.95298332793851,11,0,car,27.46980364846562
10.109979104943442,17,2,bike,52.259508243383074
11.218135589581362,16,5,car,18.248205718886297
22.651888015096837,23,0,bike,41.57747378766475
9.03225894207086,10,1,van,41.677073313759486
13.092742484415364,2,3,scooter,20.199399684232834
19.699498812158005,22,5,car,32.23775868598082
10.215298166871118,16,5,bike,19.410451248614063
15.7411241555829,0,1,car,19.237314087175644
21.627910864295256,14,1,car,34.10997410331543
23.76325527961223,8,3,scooter,93.656593745399
4.103300282761429,14,4,scooter,11.150790260214228
23.20139681645661,23,5,car,23.98932104993594
12.556849180448685,2,0,bike,16.268195288936177
6.82698751332448,21,2,scooter,12.41043120610474
11.748826027837403,18,1,car,36.76050179657038
24.510798094494188,12,1,bike,57.31268222535441
12.569143302825305,11,2,bike,36.48655249875861
8.554414452043952,19,0,scooter,31.550749452968173
16.01832093075978,0,1,car,23.023662363967826
6.38356766006573,20,2,bike,30.400479002322534
2.358651538662266,16,6,bike,6.0398452007055035
3.657553186810906,12,1,bike,7.2503466492600195
3.637123054465425,0,4,car,8.280245223793756
4.221615991051212,9,4,bike,21.544298782005846
3.9012657299105484,14,1,scooter,9.16643763900634
16.201431247678755,6,6,bike,34.10836448113501
4.956062067779048,21,1,car,12.263990108820408
8.968848441434648,17,4,van,40.118376723887586
22.47131604269729,15,6,bike,48.00937371616582
12.112060186440372,13,1,bike,31.026879875828598
16.855164593765167,17,6,car,44.97148871613059
4.721836844439931,6,0,bike,11.895689937721917
5.211080960812434,16,0,bike,12.314523054751474
1.5012810985287321,17,3,car,8.65300201179232
4.638909045268031,11,0,van,7.837432390558368
7.325463306282987,7,5,scooter,13.343253464816119
4.8367568647802965,21,6,bike,15.86562276911667
2.6732120770478627,1,5,bike,4.214299015773459
3.4555788419647198,6,5,bike,3.220821408741858
11.789079816801781,3,1,car,22.06785947195289
5.5551761009419165,17,1,car,16.89967724904385
9.424611595677849,5,2,car,9.308725283343609
12.833723135943993,8,6,bike,50.565763606611455
17.414673301419448,8,5,scooter,62.75577018242708
1.463147426106924,13,5,bike,6.946864984149121
20.085554773271546,7,0,bike,53.48654049770961
15.883559542527241,18,4,car,54.503878818705424
2.5030962827473617,2,6,bike,2.0
21.902676290616043,17,4,scooter,85.90087036641867
23.061373813029423,4,6,scooter,30.952088452909347
1.9964100164441618,13,6,van,3.6564637500995847
7.2835023796064915,3,3,car,13.529513022694388
20.25193135493,6,2,car,30.764755538053144
18.83236241439963,19,4,scooter,71.98302120176281
5.020764974231245,11,3,bike,11.120406576668998
5.629058421749402,1,0,scooter,9.76770230708777
9.576566518388859,10,2,scooter,36.97829727291807
12.370813137180022,13,2,scooter,23.169377546908954
15.64724190249225,21,5,scooter,30.73383387095096
9.538384169459425,22,6,bike,21.3220522184703
11.832100545262124,15,6,bike,21.73891106639168
18.813037984277035,19,1,bike,88.77345742197049
1.3987384708196484,5,6,scooter,3.4216731387118045
6.684705136428509,22,6,scooter,7.842507112946084
17.977064854171534,3,6,scooter,25.581784451948472
22.432567523336385,14,5,bike,45.784398833426835
13.03609733183382,23,0,bike,25.15506605765896
13.536780389000233,0,6,car,15.881940749844578
3.125714277824513,6,5,car,2.0
11.461602987174638,11,2,scooter,21.01334685368806
13.549123028148067,9,5,scooter,51.46958744078205
6.440527339050877,4,6,bike,17.45327352708769
7.096459158259834,11,3,car,6.923631993960704
9.743461996063255,17,5,car,32.178200143716964
0.991744345554296,9,4,scooter,4.8538275985725905
8.390939556787867,5,0,scooter,19.155987549096565
5.680476171415344,11,0,scooter,9.685416810561668
8.52368512835891,6,2,scooter,19.74222165836894
3.434172229571655,17,5,scooter,11.037017146397453
22.317918378127427,1,2,scooter,38.17946867469029
15.043015112074192,9,2,scooter,67.10592404275485
17.138006819039994,14,3,bike,41.77041202863215
19.834695345879787,11,1,van,39.08603145052016
12.711833873761904,16,2,car,26.03333353095329
2.6295470581418803,3,1,bike,6.550994924072497
13.65911027455442,6,1,scooter,28.452318809184597
14.877607391511539,8,0,bike,76.16223130343143
18.763267117516083,18,4,bike,86.65077275447791
11.075658882627145,22,4,bike,24.433035483801174
3.625717418491312,6,5,scooter,8.08839154544832
7.45250969206875,22,3,car,10.560295619611828
9.39551626176656,1,3,scooter,13.506612276255602
16.32497241262423,5,4,scooter,28.939645259102356
14.484068464388342,17,5,scooter,51.6782292683713
9.224369784497233,5,6,bike,11.27187006380473
24.669623595428003,12,4,bike,60.43120408175497
15.341483074243735,18,5,car,49.45580270138653
6.312056397531864,1,5,van,9.561995550471215
2.9936705791998914,11,5,scooter,7.821779210450605
4.245048910016134,14,5,scooter,5.831663035998432
6.52596434542045,13,0,van,14.763844351061314
4.436693644859114,5,0,bike,3.4605261589246386
5.070892089256991,17,4,car,19.27511257358633
7.484831632999254,4,5,scooter,11.093544454712022
4.7476530847214935,17,2,scooter,15.119815175173978
22.470752903347417,2,5,bike,40.636087262467086
2.465726768710234,2,2,scooter,5.506828863078482
13.350529044471239,21,0,car,20.808597364834156
10.554722261246708,21,5,bike,23.995629246742276
24.568276114260858,9,1,scooter,95.31979845572091
3.2449531031172825,18,4,bike,13.037361961072277
10.24746217662067,2,5,car,8.8128598970986
24.252025615246538,11,3,scooter,45.47974582035321
21.704924584402516,15,2,car,38.52128067729355
20.51826573825736,16,6,bike,43.10430214666899
6.818619262601026,6,6,bike,16.474825596849
4.686745891056613,12,5,bike,2.0
16.88175888814856,23,1,bike,29.991705907698403
23.26971173362585,1,2,bike,41.82725357815549
14.14069087884128,3,1,scooter,21.91281191187776
14.504510892012547,9,6,bike,60.62088241719069
7.359487794676962,6,4,scooter,15.403231473782142
19.352576863202454,23,6,bike,31.33412591947314
5.082571839659322,16,4,scooter,8.788751157884532
8.43014129190397,19,4,car,27.704702799182375
10.923192746102211,5,0,scooter,16.646454326143342
12.936454277769148,18,6,van,49.72431857546251
6.439038444169466,4,6,bike,10.592211595628928
3.3135022061104866,9,1,scooter,10.89845412332162
15.460191039819998,8,5,scooter,51.26019858187095
7.571448554386267,12,3,scooter,16.672583786529017
14.740336424854,18,3,scooter,61.23352383511341
4.281886524217956,20,4,scooter,20.340588806193736
12.287932495443028,23,3,scooter,17.43173328944683
13.548441097513853,5,2,scooter,15.210704723715768
1.7696766521494594,3,1,van,4.061983812942889
8.746804815751053,23,1,van,12.270914582116017
3.7931595850048687,2,1,bike,6.69264507776814
2.0526867765828096,2,2,bike,4.234265249104596
24.754025693553658,3,5,car,30.045880508802423
8.397669201880714,4,0,van,16.521908412771406
20.341923923438554,7,2,bike,52.32952209718874
6.738696041712214,15,1,bike,20.13082605603421
17.196816694486266,21,1,van,37.16246076399957
19.12558256729732,2,6,car,16.8649834835915
15.093149144892184,23,1,bike,26.035653937911828
12.05361661947888,11,5,scooter,25.187189771191154
10.59010239660808,7,3,van,23.1393552380046
9.047272530303385,12,0,car,22.044733882019123
23.273464034071733,3,2,car,29.553326051178626
20.850175490799362,13,1,car,42.68174709124973
24.14315931132956,13,6,bike,50.381198624359065
3.545281975395846,12,6,car,4.025632540879231
18.406253142489284,5,4,bike,31.84577541345968
23.489341192115425,16,0,van,52.313864485593896
4.940210121058674,3,6,bike,3.6916102423363277
2.1291585504860486,7,4,car,2.000718896797335
18.657455907606447,16,0,bike,44.620149131759334
14.574591272907842,2,1,scooter,15.648937746539767
21.124805030577665,16,0,bike,50.407224445382724
3.924423227344093,8,0,scooter,20.859182481047213
19.98404914056731,1,1,car,27.648457364744544
5.439869341169741,12,5,car,6.134985035767245
4.50957060020976,19,6,scooter,14.251837040970868
4.524512049309327,1,4,bike,9.364381565219425
20.45708064566886,19,5,van,74.70532621885407
16.797331907056904,10,4,car,58.99653165001236
13.315102906843423,21,3,car,21.208965071895534
9.291346861025811,14,6,car,10.777576891590043
21.991413249921152,10,4,car,78.94151742901583
10.114905131854567,22,4,scooter,22.35692956681838
20.506686267053638,2,0,car,21.376495680129274
11.258805259970352,2,3,scooter,16.310664338879192
9.735138520910235,11,1,car,19.817626431449906
11.835654748905357,23,1,car,15.10903489195073
7.883757917021481,4,2,bike,12.812982185318614
18.816429814318152,19,3,bike,89.56123074208188
12.81664955726574,6,0,bike,31.092711161420056
6.189211031097024,6,2,bike,14.315199370167631
22.539577045226928,12,2,scooter,44.83112405987423
9.905334923643679,8,1,car,33.511328970333075
13.81704509729272,20,4,bike,63.400961234711126
22.7085667186314,12,0,scooter,42.34165474181111
15.793830899892807,11,3,van,30.57405527850094
3.3640019973549196,12,2,car,6.041359098266317
23.52588702853014,23,0,scooter,37.94196894419046
15.878847300249738,9,1,car,51.617852671366855
8.70518755909861,0,2,scooter,8.892236754193675
3.912165780252988,7,2,bike,6.775240584095713
19.95361713712225,21,5,bike,45.849542043699756
15.691782520248582,15,1,bike,36.720951450550665
13.569796753419878,12,5,bike,27.677320993347205
22.400368284748463,2,1,van,34.530545048529206
19.820631675001003,2,1,car,27.852214134044793
4.216034553452404,23,5,scooter,5.270172849496994
8.137190660990932,4,6,scooter,8.705957159362029
6.58798392545441,10,0,bike,28.52959096062773
18.726684168030587,6,0,car,33.236429914043605
1.321544651026595,20,6,car,4.731964361268938
14.462297279347254,23,0,bike,22.984783681066595
19.180237800646918,9,4,bike,95.74728800819406
21.98075810066286,9,2,scooter,85.99736727872634
8.881002843539733,19,0,scooter,28.849751330044217
20.620803964464315,1,4,scooter,36.310217038972155
3.2104775554025773,2,2,scooter,4.631569643480819
21.238081147495695,7,0,scooter,43.77957409507346
3.6234722271335693,10,1,bike,22.40952542625641
10.233538618728998,12,6,bike,18.349085812696686
20.033736461599062,6,3,scooter,41.50547927152211
4.1729769700449575,12,0,car,10.679659838240987
6.116659183199716,1,3,van,7.2788732172176625
18.195187925630123,5,0,car,28.37562491494662
18.14089514537882,8,1,car,57.96987574499954
16.208117005689786,19,6,scooter,56.08996432487393
17.50173688944395,1,6,scooter,20.187684272601025
13.796748862016106,17,3,van,61.21645244536245
6.669076943220342,15,4,bike,13.109601808982628
8.969551840846027,11,1,scooter,16.087176612520537
4.949144061634929,6,3,scooter,7.261391882342532
22.757038752673893,6,3,scooter,41.90826971048828
14.793098971769952,16,5,bike,28.57165902441713
10.320859710709177,12,5,scooter,17.813326260250633
11.819142189281251,10,1,car,40.22212557133762
23.708441820489476,5,1,scooter,35.82510648948065
4.257109376343965,22,1,car,5.298272456115433
14.862630884411532,13,2,bike,34.6022141995984
12.894272632669416,5,4,van,16.497537903184295
15.480628768148872,5,0,scooter,21.719391637646808
0.9436995036105924,1,5,scooter,2.0
21.86703576913171,21,6,bike,46.518623727647416
23.336897920848504,19,6,bike,97.92297090075125
14.34576299793562,14,3,scooter,25.00758656173813
17.56794518498386,16,5,scooter,31.836309944711136
23.101234838843745,7,0,scooter,46.56922037182012
17.827346540678267,4,1,bike,37.2325253383309
4.237206551399403,16,6,car,2.0
14.619064824086923,19,5,car,43.17535880976336
15.36451863637997,0,4,bike,31.4591843308324
10.891201446908457,21,4,scooter,20.893125277739927
18.54288377280571,17,2,car,60.83523404622437
23.391991861840864,14,5,scooter,38.23354201860152
23.17642856621602,4,1,bike,45.141624700539836
11.545564599401237,6,3,scooter,18.446865122720222
3.2743321230985036,17,2,bike,14.717102999397214
24.6286093745772,5,1,bike,42.83999342376456
21.053003117925385,21,2,bike,48.12440031193205
3.5542356894800378,20,5,scooter,13.68736149943027
23.060626124125623,4,0,bike,41.387585283189026
21.81246087052214,18,6,van,81.98777628643155
13.211532399588767,9,5,bike,51.41776575916015
14.986248175750767,14,1,bike,38.45669139319484
10.275566244818192,9,3,scooter,41.74028702769812
1.8416601511397677,15,3,bike,8.134008265742054
8.712332420324573,11,1,scooter,16.203813593167357
20.169909490651282,17,2,bike,98.16425353837978
0.61348456361277,22,4,bike,3.8225537017341416
8.670729706433033,0,1,bike,17.297186100606474
10.255132992978112,15,6,scooter,22.928381473038566
13.66619227197911,21,5,bike,23.531094186205728
23.036462602112632,5,3,car,30.901705635600173
8.98547686196605,2,0,scooter,12.606247297840703
9.000353446457579,1,3,scooter,12.413628045264458
18.568780578688834,1,4,scooter,33.047958265913394
11.579339551800276,12,3,scooter,21.29804270012038
6.002818162029558,8,4,van,28.284843089109174
11.584768145250989,15,6,bike,21.01465617397926
3.9509969993050964,4,1,bike,10.352688620568054
4.821481169402471,22,3,bike,11.5041996220132
12.710010432117254,20,2,bike,60.15976852704414
10.763673512861423,6,5,bike,17.85305499096036
22.913724576168452,12,2,scooter,44.98540137978961
9.378650528357511,19,5,scooter,30.561132244206654
14.724414581812065,23,3,van,29.514000713835664
15.990475054028494,12,6,bike,33.52642340681887
0.820814186414174,6,3,bike,2.0
16.75666561440941,9,5,van,60.53066095163569
4.86188118830891,14,6,car,3.167839392899574
24.046222778001653,20,0,scooter,100.75172850397414
4.142236829951267,5,6,scooter,9.310291599660603
10.658291031312082,4,3,car,13.854131943055748
2.5910668679267745,22,0,scooter,11.720169932990538
24.92341917022571,1,0,bike,45.97316494622113
12.803777753115444,20,5,car,41.46205293487547
15.086932924341072,14,0,scooter,31.87234991728755
2.1433736960164733,15,0,bike,3.4206030253318405
18.874031524779856,18,1,scooter,76.04320315236015
5.642687030841851,8,6,scooter,20.74490958034804
22.502330091297488,21,2,car,34.66262089051566
5.525921191809176,18,0,bike,27.3883483464267
5.171849156259831,6,2,car,12.288860722076713
1.3954668622783246,3,0,scooter,2.0
12.065640155194982,2,2,scooter,17.931258617357827
14.338607764934103,23,3,bike,23.14246513139541
2.109861665994633,19,3,car,5.785417898574755
19.50042660902776,10,2,van,82.35764669323174
11.605576451326677,0,6,bike,23.36551319534101
13.347561598525711,5,0,bike,23.690082574447196
11.29868729998659,10,1,scooter,43.60378544392538
10.318694991445486,0,6,car,11.550365379184042
14.211188117051337,20,2,bike,63.090644838435885
4.303386025302457,6,6,scooter,2.0
4.957239197134142,5,4,scooter,3.480176127915497
21.613747714831174,13,1,bike,52.845303370374275
23.679828822274,1,4,scooter,36.42247516299151
9.646078248853946,3,2,bike,20.415459823606422
7.1332444920170675,10,0,car,19.89572516128109
16.277988809355886,14,6,scooter,27.697356167163758
10.513987191903361,17,6,scooter,31.794924076015143
1.121965713678449,0,4,bike,2.873282845694629
4.325738635471664,2,6,bike,2.81063418242854
18.04131960676124,2,2,car,23.06064623892242
16.64363657679871,6,1,scooter,33.90646382262853
1.1638518163353455,0,0,scooter,2.0
5.9383179673572615,10,4,scooter,16.96742095516847
6.161332516407749,5,6,scooter,13.229583540795108
16.961372218168847,19,2,bike,79.92245902808186
0.9829081749819217,2,0,bike,2.0
3.050660258622059,18,0,bike,16.926757243773505
20.09794409164314,1,3,car,28.898492620365978
4.8743442203311735,17,0,bike,22.490309555487887
16.49227964237093,11,2,bike,44.190215818369474
6.3354781356448,9,1,car,19.499551509594845
2.9363141226039566,4,5,bike,5.240761078764188
6.457718679486625,8,3,scooter,27.363279636216774
18.195539830463648,1,2,bike,38.13376049622549
21.464563468604002,1,2,bike,33.79695827443502
20.840386681891292,5,2,scooter,38.93755008993009
10.230996475652143,9,4,bike,52.630401182607926
16.868085845980833,17,6,car,51.63831336295383
5.522115237687614,11,4,scooter,8.645273717861226
7.682119391394825,3,1,bike,11.531368014985677
22.460227553767435,21,2,bike,54.76804011439373
0.8185471260130328,20,6,scooter,4.328520430651074
2.594959005934468,16,4,bike,7.322505614210568
5.593213251077669,14,4,bike,13.902970040454813
1.150038994908583,5,4,scooter,3.0651790527449254
4.945168159700034,15,1,car,2.0
14.784518243757459,16,1,scooter,28.770723245798386
10.8249014895162,2,2,car,10.124899980825255
22.370456921385884,9,3,car,76.57709353435806
20.527367262591802,4,2,bike,41.81607511205778
8.874525116597962,13,4,car,12.487410956428306
6.855874119066666,20,5,car,18.31200444009421
9.80246400009804,12,6,bike,17.90876568039126
14.96222609161279,5,4,van,22.515288724547347
7.067559200160469,11,0,bike,18.624300182911522
15.791648242303783,7,5,bike,35.318074829800366
10.53058547868539,4,5,car,16.48280755822354
14.025155930873515,14,6,scooter,21.376187327260347
11.185099963815258,15,2,bike,28.896058475139306
7.714411108776983,0,4,bike,16.793097317815914
23.73710602057284,15,4,car,45.65207079593897
19.20834195691414,4,3,car,22.53821789781182
3.9327728062780873,2,0,scooter,2.0
21.777465409498863,19,2,van,92.49983731347409
12.442064357113084,14,1,bike,38.28701680838665
22.41652955890524,12,2,bike,50.51388259041405
20.09645377070922,23,5,scooter,28.345662829206503
10.917730859496219,15,2,car,12.066524255125655
1.0504980538428763,22,3,bike,7.96571508298126
7.0825953049311785,10,2,bike,28.361843850258943
13.770038259191239,20,3,car,40.03817095745926
16.02021638574061,1,5,van,23.259172559904748
6.818248293113456,21,3,scooter,13.991605224621999
3.914223814784191,5,6,bike,10.541572133329321
20.95579080158283,5,6,van,32.58535119832074
24.617853427237026,13,4,car,36.20030621160345
13.379409466415803,10,1,scooter,53.06202924927843
4.706142503283436,7,5,car,4.924099929223781
7.17152949972454,7,3,car,8.288893611131765
0.9505715754129349,0,0,van,2.867893964955022
22.900320760732225,20,5,car,71.40319111816898
3.384901530808458,6,0,scooter,4.353915623648032
14.624653650099212,5,1,scooter,21.500916358993404
7.214352906836547,20,3,scooter,28.058852930415092
14.077361061636939,7,5,scooter,22.499111676255147
16.459799514620673,18,5,car,47.790542098109086
20.82867419082644,21,1,van,42.647695746470326
5.557321158134779,20,4,scooter,22.603187238522366
0.7693978021327716,23,0,scooter,2.0
3.853697936685778,19,5,scooter,14.685444118585067
22.550456725278575,7,2,scooter,43.33058823215893
21.910306900281622,13,0,scooter,45.76083553665631
15.136621003172554,17,3,bike,70.8207270737064
15.212663080624507,15,1,scooter,32.24253500693162
16.79339852638326,8,0,bike,78.06253912768284
4.796596326274515,14,2,bike,14.16791881089268
22.903092675161513,9,6,car,62.94843742593972
10.759877859855791,21,2,bike,25.806167948504353
9.886893942112687,15,1,bike,22.027092490675592
13.21348377942952,3,1,bike,24.25557993765753
1.6506661859888485,19,6,bike,3.3317707643522425
4.573942534523946,12,0,car,7.257253535696477
18.581823602446075,21,3,scooter,33.83558624537901
2.5285673641655984,4,4,car,2.619863326305918
15.27722668192651,21,2,bike,35.67188822330235
6.511053187192363,6,1,bike,16.61629606961449
10.037742544028426,22,4,bike,24.288010045917858
7.572996550882147,8,4,car,31.599466783839365
9.213981553391253,7,4,scooter,16.898158840537505
18.116624677014016,15,3,van,38.42345266528835
7.779482032767788,5,1,scooter,21.52135360239418
14.376913687273982,15,2,scooter,28.08317158515793
12.163234853877942,5,1,car,18.89909468329417
16.75994355138488,13,0,van,37.64381433732559
23.452328613456572,20,2,bike,119.57551590546524
18.448016381651133,0,1,bike,29.7659392439815
5.766039275473541,8,2,scooter,18.430414951537593
1.2639868090014745,23,0,scooter,2.0
6.925469085345714,12,5,van,13.42293810720881
15.079409302156243,18,2,scooter,57.30743026862298
1.7599324303641335,16,5,bike,2.0
12.66097305643029,10,4,van,51.48824019373404
15.122649798463785,7,6,car,23.64883046634923
8.68897532501554,22,3,bike,18.142754162978353
19.387348991772637,4,0,van,35.38440507295111
3.111657201777409,9,2,bike,11.559800352316032
2.3408756525273144,6,0,bike,5.660533404140857
18.340624526988282,9,4,van,77.42990125202307
12.639537247051862,3,5,scooter,17.474520404643872
17.365858712479532,8,3,bike,84.22268426670566
11.153269795791783,13,0,bike,31.523436546071224
6.536849814358117,1,5,car,9.56520896382232
20.568006783017893,8,4,bike,97.46413366024773
20.085689034739993,20,4,scooter,82.181344359705
17.520063535933456,0,4,scooter,29.204688811593794
7.167555862134086,22,6,bike,21.09327508763449
14.960651338292633,9,5,scooter,51.56564839452612
9.343860475030656,9,2,car,31.787347898257824
2.743760796502537,19,1,scooter,14.91194107485677
22.97418259882495,21,0,bike,49.14247620838025
3.8520564575145544,2,6,bike,5.569989398148919
23.78081516860966,5,1,scooter,38.66886901122088
11.427141437469915,5,4,car,18.21039641438804
5.035756756546181,20,1,bike,17.543577975653726
13.776573210769774,1,5,bike,18.101435216016966
21.887172978972004,17,4,scooter,80.07062125188601
18.439509717034248,22,6,scooter,34.68752958294048
20.26074812260552,1,4,bike,38.017828136655794
16.640192484412577,11,3,car,32.78308572546571
17.460775830687385,21,3,bike,41.993364312582294
21.305293463350324,4,6,car,31.153293444144097
6.616866217050055,19,5,scooter,20.1860958051341
12.490911609256942,6,5,scooter,20.621907129503125
5.919631324580255,23,1,bike,12.167041474776012
24.69786619591785,15,6,car,34.678433581312895
23.629453822322024,19,0,bike,114.67287643661423
1.4659568785283945,0,6,bike,2.0214175420909477
17.786591726634366,0,1,scooter,26.857220457060134
23.168583776683814,16,5,car,34.16117054070306
4.924095955619672,0,0,bike,11.206838777219842
14.414658148539422,20,6,bike,59.13685851863299
22.929463290907027,19,1,car,75.25546212620196
1.3316764753520716,12,2,car,2.484380946449539
17.58679654754758,8,2,bike,82.51487588855855
7.785050680627494,14,0,scooter,12.572466067476526
23.147706786724996,2,3,scooter,30.4188982556207
24.29092700655151,13,0,scooter,51.37525069436613
23.634528983279132,22,1,car,42.50383204680022
12.118248308107862,10,4,bike,62.38983063281251
21.620044949238178,23,2,car,28.518274533106855
21.191460264109224,21,4,scooter,45.618575767177525
8.317961594459764,11,2,scooter,13.804919743982001
20.808429116691595,12,1,scooter,35.892521058435264
1.4066870505295692,12,2,van,2.0
15.1086120228103,0,0,bike,27.27499121082668
6.135216513548725,23,4,bike,12.407920595766983
3.453888701543331,9,5,bike,18.258791911402664
2.385353439915624,2,4,van,4.898142412729139
17.559075009014425,23,1,car,29.927014461957597
8.82693661231762,3,5,scooter,12.168070923492422
18.256785902454656,15,4,bike,44.11849251620315
2.101230349574088,7,6,car,4.146876760699319
8.224613276849954,15,1,car,15.236194501385752
13.717536663195762,16,6,scooter,24.950351014610092
19.872717538554607,18,3,bike,91.6922881998374
8.309436321835712,21,0,bike,22.499225417893758
15.834338722706724,14,2,scooter,39.185733398520895
22.206454831786584,15,6,car,30.45383786683605
15.588648110466462,14,2,bike,37.289039918207955
6.207507131464027,1,2,scooter,5.431638447345265
1.0978191481351816,10,3,bike,7.525295839259789
21.81742241057278,0,0,car,31.0231090368481
1.021100565834485,14,4,scooter,2.0
21.930190980762884,18,6,bike,87.59735375215975
13.458959783666694,3,4,scooter,14.461098388400838
23.507158613565956,10,0,bike,117.54550006886652
20.0701892764548,4,5,bike,29.70355210004136
24.949385708066767,2,0,car,32.4976552415147
9.092439478566899,12,2,bike,20.72189259046779
19.29611307881261,9,4,bike,95.58668684383815
10.347307383426433,10,0,bike,51.64774275564222
12.256952697445767,17,4,bike,60.653835721841716
15.873883848850067,1,0,bike,26.869463145321962
21.9050892975653,6,1,bike,54.615908141959814
24.61004499538273,8,6,scooter,88.38546867852175
19.322698639680695,9,2,bike,94.7040445748094
10.735286163099676,17,0,car,32.939509021457624
10.82324655578822,22,3,bike,22.58656073669787
18.57076638892784,6,0,bike,49.781210903973914
6.3500400713234075,6,1,bike,21.0719338621777
3.2066157717191692,2,3,car,4.018572803318077
9.188242862199026,11,3,scooter,18.162672027352507
7.5373552955250025,6,0,car,13.393424926212946
7.759548951171757,16,1,bike,20.359929584752667
6.223389900722793,0,3,car,3.879158687982579
1.5312831460908662,4,6,bike,3.1495036941398853
0.9379114009686383,15,2,bike,2.0
24.699198548532774,14,5,scooter,42.89440348642631
10.980441776528627,1,2,bike,17.620093999720105
9.9160028554122,8,4,van,40.55230396671455
17.15135842598021,6,4,bike,41.70802245447598
5.847220252694072,3,1,van,7.786364131746965
23.77404900678052,19,3,scooter,91.79964734412002
19.765452853181024,17,2,scooter,83.42233931858918
2.6905695566503582,20,2,bike,9.661105540947506
10.730729006730744,3,5,bike,10.295218155443731
22.038398535273036,12,1,van,48.93143410719149
23.645934546139554,0,6,bike,37.09098897292165
11.951337025621807,23,3,scooter,18.298659531251396
15.52857903566234,2,1,van,26.071107858383655
4.592331679255843,15,0,bike,14.833560663291241
24.783631340355925,21,2,scooter,55.158657280417714
6.175956683894364,3,1,scooter,10.26180576864141
23.59692846631058,22,1,bike,53.10544713403803
16.416342900313026,15,5,bike,34.69808440416722
15.389551474532048,18,6,scooter,55.2964211451353
13.06086851990446,0,0,bike,27.123279582537972
6.151410387085088,4,4,car,8.523631587039292
4.824936784134953,18,2,bike,21.478073323464454
5.901912122219296,21,5,van,8.276988518661984
5.067737422534235,23,6,bike,7.78583594679123
19.599819602385455,10,6,scooter,63.670272229818906
9.078068849584888,12,1,scooter,19.339280280906653
1.917145575803211,19,2,bike,9.734247200275659
24.243014438449876,4,4,bike,45.27337302922153
22.152754181603928,20,6,car,68.19835875885596
23.229930938282717,3,1,car,34.98578883879035
24.875241654837666,3,6,bike,39.72220462763339
4.760433605877439,3,0,scooter,7.554543836381244
10.20792946311514,3,6,bike,15.278315468765674
19.076842654750237,19,2,bike,93.22337846235179
17.55250514231791,20,6,scooter,61.02934279712997
4.270449705326449,17,6,car,16.196954522142203
20.487911562270135,17,5,bike,88.91690208598393
5.9987940099981865,15,0,van,13.802783613078795
5.983531563154266,8,4,bike,28.48211718506155
13.655873360888632,17,4,scooter,53.80375110113659
15.027028403621728,21,2,scooter,31.495156379605785
14.712112092026373,1,4,scooter,24.083098580290063
2.741427516244994,20,3,scooter,10.144811845449736
21.99779113444432,3,5,bike,36.17950942478691
7.007201043423299,11,2,car,9.689678819403841
3.6731155714287023,6,6,car,6.828239142132588
22.274327956789943,14,3,bike,51.38781693462041
23.913461706628958,6,4,car,43.310612725062754
21.622126623003542,21,6,bike,44.17429517632815
20.333143830759514,20,2,car,74.73516877047959
16.55342852565603,16,3,bike,39.84552244837568
13.996005579923914,15,4,bike,34.304308067517056
2.6311756178295482,18,1,bike,8.43365725021322
10.507103720232118,8,1,scooter,46.2480443224585
9.630868666801693,13,0,scooter,19.147933246720513
6.863967702127992,16,1,bike,21.692036274721374
18.223792785370332,4,3,bike,33.78865620647482
12.648955509429884,1,5,bike,19.663634778726486
2.4856322897373744,19,1,scooter,8.408108190126459
5.894488447770378,15,2,scooter,13.715525280839346
17.2398397096601,13,2,bike,42.93788562332862
2.3652060575123546,13,2,bike,2.0
21.354569394194833,0,1,car,26.45320049973875
12.631089911842372,2,6,bike,22.444787706231107
12.274371144502876,6,1,bike,27.525063436160753
15.013990724158182,14,0,bike,33.58246694503125
20.704683665166154,18,5,scooter,72.60502255997977
9.02132559360373,19,6,scooter,31.63995881198885
17.11139573769706,1,5,scooter,21.499537460451382
14.36043311789688,18,6,bike,65.24135809876545
7.042192619150822,8,6,car,20.54832502801559
22.02643466570137,18,4,bike,101.93190392658346
20.036937529369737,4,0,car,21.565600112646933
16.632069949131424,17,3,scooter,69.59570817928389
21.339252362808928,15,2,scooter,39.386326483690894
21.74870792351516,3,1,bike,40.24278546015858
17.854892929518353,11,4,bike,40.22981043403968
21.006826544909966,6,4,scooter,41.70731838846984
17.58805081089745,13,6,scooter,31.631875177130564
17.16344890812736,22,1,bike,37.09565181309331
15.655978766272016,11,0,van,32.181421100804386
18.94155766916221,2,4,van,29.201576943993587
4.3858250796803055,4,5,scooter,2.9712161224418514
22.081333600373746,16,0,van,46.19014507178529
21.860166429758184,9,1,bike,103.05739798664607
1.216558434346699,9,6,bike,7.696773074998083
20.732510388836687,10,0,bike,97.36871858497364
3.6573117530994073,16,6,scooter,7.7130120147033505
8.710411929348977,4,5,bike,15.230750936259177
18.71595227914439,12,2,van,35.602291051847935
4.438617453183551,9,6,bike,17.009304736506547
20.540192090917024,8,6,bike,85.40278922859379
20.887287359964677,16,1,car,36.60301388773582
12.932959477140487,0,5,bike,20.052833665935175
0.6564538570624228,3,1,bike,4.337657789300687
7.5324342627853635,3,5,scooter,10.391073068903975
15.614709500205684,17,5,bike,66.51098326422498
24.539061361671877,8,4,bike,116.01097417571924
15.979431411908376,17,4,bike,78.08151003021278
6.865187736071915,13,4,scooter,19.539544289854824
16.03313972594048,14,2,van,35.93648407282638
13.72964180303846,5,2,car,21.414068581861635
19.606212181203016,23,5,bike,30.600207229490515
3.121025651260481,9,3,bike,17.7536611381445
19.145183611299686,14,1,scooter,41.325073094119126
13.761031177564702,3,4,van,23.41936428712095
24.093304094545367,17,1,bike,115.42360684255429
8.87586806794781,17,6,bike,32.56183974509875
15.99923638178173,16,5,car,23.752639942852376
23.334688584995426,11,0,van,51.69857452947554
3.0114883357716415,6,5,bike,3.9891163345717606
23.462097937293052,15,2,bike,52.49878624759074
17.353200196369926,10,3,bike,83.60121597927323
2.1620079480767114,13,0,bike,5.880816835184772
7.873607390196998,2,1,scooter,8.071128415045587
17.8502161718094,18,2,scooter,71.52317976181672
2.1500897359849067,17,4,scooter,9.470141619765947
14.763176274318695,9,0,bike,74.8271572143351
8.97413489534744,5,2,bike,15.13807624723334
15.71243018530319,12,1,bike,43.96909758991636
1.6206798284065649,9,5,bike,6.926232337589156
21.85265175073322,17,1,car,71.31754983437051
24.350479744846226,19,0,bike,115.89174609156731
24.23750745449944,15,0,bike,54.831478780637056
18.866469877701654,5,5,bike,29.78559582580863
3.6871128832004834,12,0,scooter,8.77962501743447
19.077448300261054,3,3,scooter,30.154486153832313
1.102379453240637,22,4,car,2.0
1.0420270124604327,13,2,bike,2.0
8.42845036916376,0,5,car,10.922897600455622
12.471758164914311,19,1,bike,61.79673613149654
19.374981736290934,4,1,bike,34.30240556540351
17.240736726859378,7,4,van,29.331419297122707
11.424616306230334,11,0,bike,23.943882054249084
7.203853323900814,1,0,scooter,14.041752373524751
24.929550253863923,11,1,bike,57.61532974651725
10.941441904781337,4,4,scooter,15.79129147111066
11.558982096077049,21,1,car,21.475416839122136
4.508783619195895,4,0,car,5.026838702188904
19.97283394437327,12,5,car,33.965437195199726
17.49521453164647,8,2,scooter,68.86054855338335
5.90885551332463,9,0,bike,25.78054602951815
2.518335617588146,0,5,scooter,6.915827468702413
17.172232900830473,2,2,car,22.788121006520225
16.535524749887813,17,6,bike,65.78264888870333
7.194858411456129,11,3,scooter,15.805189940968349
23.796157275135055,2,4,car,30.496566564669628
4.200918348632056,8,5,scooter,11.174298036990526
11.092202625543747,1,3,bike,20.76325985840341
23.618590044106174,2,0,car,30.671103957667864
10.783319264689997,13,6,bike,17.44206182580384
16.143885717770097,3,4,bike,26.62612472430724
10.24106275008846,18,5,scooter,41.217124825778384
7.218272457542415,12,6,bike,15.308149498029238
24.607452375015793,6,0,car,46.22421550064285
10.528683154718554,11,4,bike,26.1952941718272
22.405430490138794,2,4,bike,45.07527962680451
6.133887844331611,22,0,bike,16.388576728726516
5.721065248614541,22,0,van,9.420438611983506
1.2627850306705284,8,6,scooter,6.2127710961780265
16.465837221709183,1,6,bike,23.575119590248836
9.528895421232148,21,5,bike,22.674497550808475
21.676777121071108,8,4,bike,104.70170233641913
12.09364271394315,11,5,scooter,21.08873968272214
24.22073898391068,11,6,bike,49.23203609195436
5.045375134726468,14,4,scooter,12.486080176557799
21.781267614912466,1,5,scooter,28.665861514471974
19.526622893397672,17,0,car,61.218735843756974
19.387585193779273,12,0,scooter,33.632416136926615
21.197189088863748,13,1,scooter,38.58656122189604
19.145087778103473,4,6,bike,33.08712970635378
15.842397879969678,9,5,car,49.812745438966715
3.7154995032184956,11,1,car,7.344420895782776
1.296891397535672,9,1,bike,7.1683050937325445
23.06077227148433,23,3,van,42.350665897533396
15.607932705758081,10,4,bike,75.94662216387879
20.01516362891632,1,2,bike,38.86540001142936
12.297297612057477,4,3,bike,22.670461273743317
3.3740506295786648,6,6,van,4.9038858205846605
3.567051908962486,5,4,scooter,4.647067376883088
17.296349537109798,21,2,car,35.8031913786252
11.042494425036836,22,1,bike,23.241830932424172
5.41285580415825,2,2,scooter,9.270405254175637
12.544066395165203,12,0,bike,25.559592775014572
2.0731189583407854,2,6,car,2.0
14.75829934690277,23,0,bike,29.567569359872046
7.090338408659893,20,5,bike,24.16457017396937
20.04019796561111,5,4,bike,39.71150641582038
8.103867993627556,10,3,car,33.9273210921837
11.65289365250413,16,6,scooter,21.36138355481054
0.7847032277484656,9,1,scooter,6.924555194622924
2.2749487509666926,11,6,scooter,4.700546846950465
10.116092131963779,16,4,van,23.810606845403097
12.258501450569526,3,1,car,17.526355637845853
15.200503428922941,1,0,car,18.514452483281246
7.645733178377929,10,6,bike,30.113577587407747
17.52705621010029,6,3,bike,45.609306076694146
21.572998731135513,1,3,van,35.433246444283306
19.60634922788707,17,0,scooter,78.00008050806586
1.47066122103475,20,2,bike,6.571712808252034
12.27242020781681,3,3,scooter,19.799866783082816
3.0707893712452843,7,2,van,3.0237013998063773
6.430102888631923,19,1,bike,30.318063090736334
24.67323353504509,13,3,scooter,50.278144921684266
3.991140801087074,11,5,car,2.112269722601744
12.722759759558224,21,0,scooter,26.073214702833678
15.644815490793919,20,6,bike,62.60721981450372
17.710391778330546,17,2,van,76.8389914369367
14.211392745429395,10,5,van,59.437247995508045
0.7393857617699997,7,1,car,2.0
8.498302051977802,1,1,scooter,9.838410236521042
13.18393526292543,14,3,bike,32.35269579110537
2.652729229048417,8,3,van,12.791469890511557
9.090359814624929,18,5,bike,35.13160244971274
1.3134761653884808,19,4,car,2.0
2.425173180298008,7,4,van,2.395221569480962
10.224620266939104,18,3,scooter,40.7534260173244
3.7515359740549785,4,4,car,3.5811397744596025
14.404750782408176,10,0,car,52.62019881932406
17.39189174386301,14,5,bike,37.8474611212923
20.114374128172532,7,0,scooter,40.53470532323333
5.403680983997847,18,4,bike,20.7027910653584
4.603323265347209,22,3,scooter,11.097853748262013
3.0619120881928064,7,0,bike,13.286120814789943
16.0925411138191,18,1,scooter,66.95708360851998
17.80865529892908,17,6,car,51.121043613106245
1.27386054822823,9,3,van,5.05034527055164
23.437200032970402,6,5,bike,50.28965763561926
1.7732964494610741,8,2,scooter,11.253169405776127
13.761760214876226,0,2,scooter,19.054685387581724
17.87198272654745,18,3,van,75.19766925050293
21.838743531779098,4,4,scooter,33.46856731012009
17.99512983724448,18,0,scooter,71.58847121420135
20.1423380352099,0,0,van,35.578734813917826
8.81652971729875,14,3,bike,21.946564381528088
20.46321528678955,15,1,van,39.658216771512876
2.462813736424541,22,5,van,2.618747814376863
22.423008073482926,6,4,van,46.16531119577397
13.916013215766538,11,1,bike,26.753681604370517
20.523795364081096,7,3,scooter,43.83650074631726
11.581797970698354,4,3,car,15.669975748719335
16.26765353231486,9,1,bike,76.46269892677739
13.396865192934774,20,2,scooter,56.29529124554466
18.42394328300563,4,3,bike,34.91742196276166
2.4999345597494447,16,5,bike,2.0
1.978626057768813,4,6,scooter,4.475768750249788
6.554029233248588,21,4,scooter,17.226947508266708
4.408844662773115,14,1,bike,10.16153692560312
21.858697381508943,12,2,scooter,43.51624718451469
5.870742690272086,0,1,scooter,9.35519235352578
24.408698767568715,10,2,scooter,93.98111224042607
8.753946898392117,22,2,scooter,17.932153042499316
4.961888934373133,0,5,scooter,3.9634864291776823
19.84761342499074,10,4,scooter,79.37087683270045
16.638340499771466,17,3,bike,80.36170899112622
12.705795053101905,17,2,scooter,52.41554930416068
14.106406997971964,20,3,scooter,58.12830022312207
18.120443567670463,15,4,scooter,33.45781154684475
6.097141162616818,12,3,bike,15.195978904530849
24.910180943390177,6,5,car,40.001462173485336
24.382432472596186,0,5,bike,35.68221631387626
16.432979315499953,15,0,van,40.44883691866853
5.388790047764056,0,5,bike,5.733639433333294
17.16559193956664,16,2,van,41.66574015856622
2.2688610199898083,5,4,scooter,2.0
1.2509863040422486,1,5,scooter,2.0
6.813230768524735,16,1,bike,15.773039066390817
11.83426244011325,5,4,bike,17.747455934871624
21.772676382505324,13,2,bike,54.349004417652644
18.315642209274547,17,4,bike,90.163685751311
18.696309769399534,5,5,scooter,26.871009807201283
10.924586693977846,9,1,bike,51.692580259498754
8.975407317400592,23,0,car,9.730433034706113
9.590449693122766,17,2,bike,49.33162797555803
24.697414311533418,8,6,van,92.680385331508
1.4826751896058208,7,2,scooter,2.0
21.74227165499999,9,4,bike,105.00651501250948
14.677547510023638,16,6,scooter,20.502060920305407
11.246077770144966,22,6,bike,23.793435364752195
18.268812680170843,5,3,bike,35.69436132002819
12.42338906490522,13,6,scooter,21.067668844927542
21.898869333000683,21,3,scooter,45.930459095341014
22.567195668275833,21,6,van,44.490336574781324
10.832162708399657,5,1,scooter,17.49081237547056
7.282281032258764,6,0,van,20.909097930649956
15.012583050537375,11,0,van,36.23168811793373
22.85290196760893,2,6,car,28.086950021635207
5.6612236306388315,13,4,scooter,12.387830435088514
15.762681297305328,21,4,bike,37.061323302854255
15.973225392266754,18,3,bike,74.72999371765573
18.461269049174383,22,5,scooter,34.49901217686028
3.7234082856178654,15,0,scooter,6.84935708818754
18.03771163471117,6,5,bike,34.60164711877716
22.771296756308203,7,0,scooter,43.13611678347276
4.902236167320928,17,5,bike,18.45093774923368
6.319811460635002,12,5,car,14.6814939416311
24.29917980402017,20,0,bike,119.17954662150002
4.933935341382499,8,1,scooter,19.83856886350247
21.432434787554687,9,1,car,74.72448410575208
12.560807482976852,20,4,bike,61.88196569587911
6.557161322877837,22,5,scooter,8.797984609340475
21.83337258117653,8,5,car,61.590583362633744
11.409978747565305,14,5,bike,26.966757093695115
13.11302517127741,19,5,bike,50.68345807172323
9.30121755029426,1,5,bike,14.879422999528542
15.027295860155721,12,3,scooter,27.889406253706195
4.506334878333058,1,2,scooter,7.595793632990317
10.081497647968137,18,5,bike,41.32013828665404
24.250601897214544,1,3,scooter,38.91056552150346
6.824269101177625,2,1,bike,5.665159114302233
16.59004828126166,5,5,car,22.385477405136943
8.467156573505024,2,1,bike,17.837825063868152
19.450091579321715,9,4,car,69.72066435452389
3.7064046875995706,23,2,scooter,8.391323282308493
24.260615604424345,5,0,car,32.93341486747345
11.617843763899161,22,2,scooter,21.311639986605194
6.283236351988367,15,5,scooter,12.24266214657752
2.30067030958531,16,5,bike,5.670009416892194
4.6590686746447485,18,2,car,18.603636086034467
13.234461739622432,2,2,scooter,22.22565995425411
8.756577822566515,17,4,scooter,35.30900323217861
20.807642464123933,6,6,scooter,37.486588967699944
11.056744329714245,8,1,car,39.474028353467226
6.593499678396933,19,0,scooter,29.638988961744445
15.620052171798736,11,6,bike,37.80601244831138
17.816041813693424,4,2,scooter,29.20054144579473
4.592526743573272,2,0,scooter,8.644545164703105
4.6066707990637825,10,2,van,19.07388573862017
1.3984499598718028,3,1,car,2.0
18.541849369108192,4,0,scooter,26.348454817516373
16.763210926734224,0,6,bike,17.31155859662988
12.12845645587044,17,3,car,39.06564174269691
21.18217599974533,11,1,scooter,41.84616370805725
20.2389187472763,12,6,van,36.79348928549968
14.841181927720427,8,0,bike,72.60748578871655
21.772646372574837,1,2,bike,37.78359020649326
5.543109645900822,4,6,bike,6.618626226992809
3.242030675244333,12,2,scooter,2.0
7.108865482166245,15,1,van,16.64757166274105
1.898627974188214,15,1,bike,2.0
13.513653436025285,23,6,car,13.347808287803021
23.446839461226556,2,2,scooter,37.76630277504999
1.4639167463784863,21,0,car,2.0
3.4916928932456566,3,6,bike,6.746406047778141
11.578876192944165,10,3,car,36.07912885940266
23.37993792943367,22,4,bike,56.04847828022348
8.245824571930388,13,1,car,12.306743789044848
12.927252812865614,2,2,bike,23.06681335995315
1.5185350467346064,15,0,scooter,7.572110104698302
4.134408423571177,21,1,car,2.1696940846123756
24.67243801249175,14,0,bike,63.48108335781026
24.145408062683117,9,1,bike,113.14163223024505
0.6210295328930355,8,2,scooter,5.091363451370086
23.819388742869354,10,0,scooter,98.4795058370017
16.15843847647976,15,2,scooter,33.60826359961522
21.763998215740543,9,0,bike,100.81186059989058
11.641126463029549,16,1,bike,28.755992562201683
13.13210270019163,18,4,scooter,60.20709755173635
12.476741216294544,1,4,bike,23.067690887648777
16.838174309879555,23,6,van,23.832534392232954
3.921455741529666,22,3,bike,8.820324187509394
1.2343529518806098,1,3,scooter,3.4456946425744714
8.044283568984177,5,6,bike,12.652357528856603
17.764678687047844,18,6,bike,75.00199561414888
5.445409577012235,7,5,scooter,8.593307459308175
16.999094616460475,2,2,scooter,23.04371864217848
24.262845129628126,13,0,bike,65.19703561316034
2.8005675368407505,15,3,bike,6.43140818363979
16.978751896515593,0,1,bike,40.940582696519826
11.371880372961993,20,6,car,35.178488464983964
21.769485232248883,2,4,scooter,35.291462349648036
4.840169841460955,21,0,bike,10.688553910941028
17.46933582954103,17,5,scooter,58.98403526906081
21.0338245963787,8,4,car,71.25595968753576
23.64304837711357,5,6,car,24.61405871361679
17.23957669309632,22,0,van,34.16790760158228
12.680781718206468,20,6,bike,58.28228338136426
15.63725738492974,0,3,bike,31.268040681489314
21.788172119728596,20,3,bike,109.07778154775946
14.479938792651327,9,2,car,53.02020350086296
1.2444829625725031,5,5,van,2.0
23.308243039920956,22,0,scooter,41.997428579328584
17.39340540027325,11,5,bike,34.918851323262366
17.07457795154254,3,1,scooter,26.54407692094644
5.7840412337440705,12,5,bike,15.504071930148186
16.6426940207001,16,6,bike,34.56876488277349
10.149677938526883,7,6,scooter,26.55071119166176
16.455207937516555,19,3,bike,77.6869101283699
3.111529242545773,2,2,bike,7.517534485890617
16.617209962774382,11,6,scooter,27.103722912046585
24.985636281381332,6,3,bike,61.184374232782226
1.6811949520836227,11,4,bike,3.658147590784341
24.440767513422273,1,3,bike,44.375434076118786
10.46924503771033,23,0,car,11.949221543238338
21.83345953326285,13,2,car,37.87141499060145
19.6684443594277,21,6,bike,43.55570700777379
14.391898394173362,22,0,scooter,25.858597695731078
18.5920056266575,4,1,bike,34.17798371045145
22.023631251883025,8,1,scooter,89.57392721949901
10.401437880450308,20,3,car,37.71074605599151
8.512312458299348,10,2,car,34.77415482714909
16.856037946307826,4,5,scooter,24.285918878361855
20.292225577560835,2,2,van,32.24865718779055
19.175985802027085,16,2,van,39.38739347197089
20.046434397036546,1,2,car,24.69408402245793
11.171791212916858,23,3,scooter,15.279440766989463
20.536938296288028,0,0,bike,38.56155567973853
3.445121856579907,6,3,bike,9.52994318992107
13.839982900040814,13,5,bike,31.357077020158588
0.6410871822039785,4,0,bike,3.1785297470515195
8.452352832556622,18,5,car,28.937882703853518
9.478307604349247,10,4,scooter,35.9064678858189
10.206230944426757,22,4,van,26.779947437814073
17.53894656390162,1,6,bike,26.267200701879634
10.019673481123471,7,6,bike,21.95441999165304
11.492993754252002,8,0,car,38.820273977628794
6.319831206421023,2,3,bike,11.595693325948577
9.644668894918832,1,5,bike,17.499946789855922
6.068105867947211,6,5,van,6.991769059647182
2.293300132326869,4,6,car,2.0
15.284490537843759,20,6,scooter,55.41112555476257
16.8712135645979,4,1,car,22.241296302544452
15.677513477235555,19,5,scooter,53.76062820800467
11.855604073114023,12,3,car,16.961071011776767
9.804751614391131,20,1,car,32.86745881235033
21.651674414509717,19,3,bike,105.97087801434755
13.217503735837342,5,2,scooter,18.644201774620452
12.239956001928409,19,5,bike,55.18070204862431
1.1282306122576744,17,2,bike,8.646161731244714
8.86057177684083,1,4,van,13.555179380137362
9.814792660253499,5,4,scooter,13.31663481740473
10.271158131974062,8,0,car,26.921964302902644
14.714223046069641,2,5,car,13.64191343918648
13.573262394808522,0,6,van,16.040216592052566
15.393674773439393,0,1,car,16.00645205678632
19.23963990778214,18,2,scooter,76.85063019809874
20.41815059854429,4,3,bike,38.63128893982934
18.09401536754911,12,5,bike,43.205389402575065
23.9103305508959,18,0,scooter,95.84079418778568
0.94669827557086,11,3,bike,2.0
5.29656064924688,15,2,scooter,8.349889204483809
0.6852904369644819,18,5,scooter,4.21531173780771
16.363130496787775,2,6,van,23.209842738893908
22.50174844927468,11,2,car,41.14490994182555
6.465316266119332,4,5,scooter,7.108005609231821
23.212346347509513,1,5,bike,40.72007933901211
1.9765510620942408,21,2,bike,5.481812771679417
23.393682656735102,6,2,bike,56.95927112795898
9.114755837371042,12,3,car,16.075160383916426
2.984810297005805,14,0,bike,4.868076351880529
12.403858100064978,21,2,car,21.092185078446064
6.791025909152444,2,4,scooter,11.32901492058695
7.479386098067109,20,0,bike,31.6990894447934
8.028604140694021,19,4,bike,38.77608263362187
20.174134496900255,4,3,scooter,34.68176375072676
13.709451278543735,23,2,scooter,22.39291790556227
8.12703862932209,7,0,car,18.033936671002913
15.4531776911175,21,6,car,24.258974801397017
18.045691518468242,0,2,scooter,25.069709643402884
7.179288017971578,7,5,car,13.074323532905204
10.631952987371113,23,2,scooter,12.933772394893573
3.4862092867552152,17,6,van,12.366772729282175
4.9381590635996675,19,0,bike,22.875174433326727
17.18738742214208,15,2,car,27.42925753625434
4.94523951854286,17,2,bike,30.87405135456881
13.366502899842974,19,1,bike,63.94127799511101
17.8716334121996,11,1,bike,48.32210532089704
3.118484615821224,12,0,scooter,7.267740673181434
14.399149380908137,12,0,bike,32.09519308199933
6.785788200683412,9,5,bike,27.094526589402562
24.091708443320705,6,5,van,44.77593820908301
12.346868344638155,13,2,car,20.1406350426559
20.246817469491372,23,4,car,25.877243295597985
13.980550282828414,15,0,car,25.687889509269546
1.5636070549430694,14,6,van,4.0096636818294655
16.01220870205355,11,2,scooter,34.09439857229928
23.809381884063097,8,4,bike,118.86508677608042
15.239489593585114,7,1,car,24.71038180494745
20.57012705595636,17,5,car,64.66876462848502
22.163058352035993,22,6,scooter,42.72525509577186
6.087954412748846,17,0,scooter,28.233520031607124
5.695098577751553,12,2,scooter,6.110404724281596
15.469034226849297,17,1,van,71.68892056359988
10.570197510264265,14,3,bike,23.459277081467825
21.076601920234648,3,1,van,29.219634605420943
22.550566523251273,16,2,van,53.641972822182176
9.158823792916593,4,5,scooter,13.792820185346741
6.303328694874811,21,4,scooter,14.270772187261702
19.622875123474614,15,6,bike,39.95587014647194
7.232747870929335,8,6,bike,30.735154416152504
20.654050803585122,9,3,bike,98.72149429466927
10.88158721439469,23,6,car,10.605083547705805
16.854972532641025,17,3,scooter,67.48886267276629
2.8406151889493705,16,5,bike,6.26765501622252
15.784553454576038,17,3,bike,71.80095455617484
11.568308129062114,6,0,van,24.95612808159144
14.871907347799116,3,2,bike,22.093254334181324
4.616348089749154,4,6,van,12.37789332209303
18.553406751132464,22,3,bike,44.22043212199528
21.6385283998091,15,1,scooter,40.062570643622855
5.810125102224004,2,4,bike,12.266039406174677
2.845006610243962,17,2,scooter,9.13992828254987
1.0791453581352417,22,5,scooter,2.0
16.228301760860017,20,6,bike,69.10202384643043
15.373803884175128,13,1,scooter,27.697535418742397
13.894086611494716,14,0,scooter,33.637301199300836
6.182703854841398,16,3,scooter,18.500151116029333
10.07719689968511,0,1,car,11.712251317572623
15.06467021206124,20,2,bike,68.94043847547971
12.670788042049649,16,6,scooter,20.446128630315762
24.700745245264738,22,1,van,51.5005061316222
3.8427739376399614,10,0,car,16.506276410936785
17.531041574166046,16,4,van,36.02837814906161
10.405809818555158,13,3,bike,21.4889599727232
10.990890565677562,19,2,car,37.98777388475413
18.081145258625316,18,6,scooter,58.418379252956726
17.464685707447057,20,3,bike,87.034476595406
24.785771845703614,6,3,car,44.28987263853196
3.645660091626068,23,5,scooter,3.077468440820563
3.050686409912075,12,3,bike,5.849484007362014
18.246301019654158,17,1,bike,88.32845011655657
14.670479466657023,22,1,car,21.840254028982997
7.216936330715244,13,4,bike,14.95696007668305
2.445774540230172,0,0,bike,3.839036783665011
2.598627115112548,6,6,scooter,2.0
22.407676429270897,7,6,bike,45.40083066194016
5.200749455609201,17,2,van,19.069749480985323
8.422603271830258,8,1,scooter,37.96901056827904
6.053081854561206,0,3,scooter,8.102126504294349
9.197409492882464,21,0,van,16.8682624655614
2.2008841472792877,16,2,scooter,6.425117068807126
13.216964877252623,18,6,bike,53.28100451786405
2.1565078080092652,5,2,car,2.0
20.108734441647858,2,2,scooter,33.59910428278592
6.225946006805609,23,6,bike,9.025405095524137
13.730291907810509,4,2,car,20.6289433515485
22.06193764525573,1,4,car,29.04750341370605
16.446495541656258,19,2,car,56.775581070589396
13.557465770507715,3,0,van,24.037007419326336
8.446176951326702,9,1,car,27.053838894846663
8.65854686992585,9,0,car,27.255802710741058
16.90243040235566,23,3,car,25.894429630081213
24.856414349918605,20,5,bike,105.48526998898478
16.715060151309775,10,4,bike,80.02979477953744
14.16569372556561,15,4,car,26.67114912395459
18.40093750086153,16,3,scooter,38.42235412833348
11.897537500951096,15,6,bike,27.659552081302333
1.9734873937192376,6,0,bike,2.0
14.27627198900879,15,0,bike,34.0705156525141
23.961819470381815,2,3,scooter,40.25374664671605
4.794922087762661,15,6,car,12.179391172601875
17.40511982510631,7,5,van,30.824085554789196
5.422875372146883,11,2,car,9.773853935256415
13.627778269590491,2,6,car,15.684700168136677
2.8685730163446306,16,2,scooter,2.004602385558673
11.534087938325536,20,1,bike,54.500942684690536
19.02600155793353,17,0,bike,86.58872944190152
9.015502343855061,10,0,scooter,35.56004454745679
16.79033724993684,3,3,bike,27.883489061837203
19.988524039348366,15,3,scooter,40.48679242314322
23.21585657724659,16,2,scooter,45.5020214935835
6.248731005458612,8,6,scooter,20.757271301380733
10.28323993732805,5,0,van,21.610659960298868
4.2341923265952275,23,0,scooter,6.726569547476691
24.815845802880194,19,4,bike,124.75072701008756
23.211523714145237,1,1,scooter,37.0491510829474
13.72894969187371,8,1,scooter,57.36245734727309
21.12981571222232,20,2,bike,98.81454831345388
13.263470443165033,5,5,bike,19.211491872943117
15.777849356067613,2,6,scooter,21.159282415125297
2.683548586842407,19,0,van,15.140148225198839
19.004125302171794,5,4,scooter,28.148253786033273
3.6289803490632533,6,6,van,2.4677183109027787
20.738656941186946,0,0,car,28.541650558525184
19.659688147924456,22,3,bike,47.37518648585896
17.864245094702923,0,6,car,18.831531749492054
1.3859293228566718,4,2,scooter,2.0
7.926644720660551,5,6,bike,10.111827368307802
6.9462579628156504,12,5,scooter,14.852168884772055
9.323341983052218,1,6,car,10.760856552476762
2.6472472957140445,14,6,bike,6.246122178121435
23.45546666426104,14,6,van,41.91655902821189
14.06815489745322,12,1,car,28.12551871593648
7.985345611121577,13,0,van,17.77384494180891
10.226047168319944,21,5,bike,14.917908681627559
11.456462242368474,6,2,van,25.92950673235375
15.214561167335123,13,1,bike,35.72198472659637
13.134145978564195,23,0,bike,23.755818849980937
23.025103343753226,9,4,car,81.92428432057565
12.675605331192841,16,2,car,21.995323992631207
24.80787136317116,13,0,scooter,54.75276970127535
21.359911464754845,7,1,scooter,43.03660234396281
5.608507601754727,3,1,bike,8.95431684728494
23.299582758775948,15,4,scooter,41.159301674678765
3.350976748194164,23,2,scooter,3.001738999520068
20.527517858034194,12,2,scooter,40.08830035316091
9.825270690176213,21,5,scooter,21.48629180428069
22.010370850904202,19,0,van,92.9484977974507
21.767388907632533,17,5,scooter,80.63869305094848
20.24517230288172,13,1,car,31.26107950797568
19.855745689523005,17,1,van,82.77864887524018
7.964638907902,4,6,scooter,14.035966290346384
2.4825224347556785,8,4,bike,10.130741623805644
10.373014379746456,2,4,bike,22.447866330459355
4.751350617169463,7,2,car,5.66626793530795
17.52630167811031,19,5,bike,70.97498870372205
8.979443300175745,21,1,scooter,19.884433402222392
24.402449921067916,9,6,bike,99.41679997232285
16.203815894960634,21,0,bike,38.065945111150164
20.650773809041844,18,6,scooter,73.01311434330096
3.7468544821752863,20,3,van,15.300130593279166
21.61935481567925,2,0,scooter,31.572810662326425
23.107551167578162,10,4,van,95.41067842882558
12.43301701106393,10,0,van,57.632344442700465
15.353196974898948,16,1,bike,41.7560094652033
19.237840122123387,15,5,bike,41.13654289565639
4.783546367880107,6,6,car,6.434400902795761
12.81286887335434,3,2,car,16.364575544922324
10.26724418042167,22,5,scooter,20.35265555992455
4.086162807975104,18,3,van,20.607472396825116
9.50459334614252,11,2,bike,21.190565466185003
2.1702215799445925,14,3,bike,8.432356313066729
1.1323917202624312,10,3,scooter,6.374833833497817
3.8115740842931576,4,1,scooter,9.035631354987629
24.096320233934758,4,1,bike,39.68018344281029
13.963473629427916,14,4,bike,32.25472630018007
24.16264294825389,17,4,bike,115.46198190092444
11.096198019088234,10,3,scooter,42.97793098711749
8.139495260588859,11,5,car,17.885378066519834
12.90047563958598,1,4,car,15.782013316674872
11.268036371506298,19,1,scooter,46.477322746729975
3.088784764412726,14,4,scooter,6.636089275998213
16.200244709910052,19,3,scooter,63.93029724676449
5.79293547148519,3,6,bike,7.173775057358907
15.679904894996826,21,2,bike,43.799317344596076
16.429926763754757,17,5,bike,67.91146863778204
4.224608901651878,5,5,car,7.471025779737249
2.00306586421137,22,0,van,4.263338995886284
19.628658858676776,18,4,scooter,77.13847044995765
11.765110382348345,10,5,car,35.40098022011191
1.9250129898841568,23,6,bike,4.014663006599191
24.874224770659296,1,6,scooter,31.86779772282604
1.9156237444109827,7,1,car,2.0
17.528363107034554,10,2,scooter,71.54197445515146
24.60013366895363,4,1,bike,45.764733183746756
6.359912553290178,17,4,car,19.849241027462014
3.985109532836306,22,3,car,4.016310307732877
3.473931015849508,17,6,car,11.404897917860453
7.930241115406091,13,6,car,6.06723544464069
2.9756223697608437,21,0,van,5.594534163605739
17.457952871506233,9,0,bike,84.20343875388194
2.026149054186536,2,6,bike,8.465697904606719
12.980842139669848,8,2,bike,62.339485749945005
24.91907291939793,2,5,bike,39.10028880820296
20.44227160289746,10,5,scooter,71.9572359553591
15.572876236659766,11,6,scooter,24.933640753205673
8.003213709271986,11,5,scooter,13.261823828069488
15.785447989145142,2,0,bike,29.230271602775144
13.412515865835465,20,3,van,59.37074792718133
10.939042905314102,6,5,bike,20.810306361975833
3.702404230134887,13,1,bike,8.868598659614696
22.221803273391433,23,6,car,20.10823764812571
11.519723896122402,10,5,car,35.89456000558473
5.268251539608744,6,3,scooter,9.845183045596919
9.510104096493595,20,6,bike,45.34729806512019
10.646178936958712,9,2,scooter,43.63872180103227
20.77467844138842,10,2,bike,97.11748179654552
18.47355232375435,14,0,bike,41.055467990376876
19.347969894212824,18,3,scooter,79.37697937056308
0.7702659785018567,15,1,bike,7.237932349775718
10.695772955404157,21,3,bike,30.1403463644492
12.292931715065428,20,1,scooter,45.53365311766788
0.9702107821648889,19,1,van,4.767926718246599
6.865423614253339,11,3,van,18.092682807606014
19.127100666492307,17,6,scooter,62.50556665987256
3.859187790360477,22,4,bike,12.374152416157507
13.615098220588495,12,3,bike,30.567871891763623
5.772445864422319,4,6,bike,8.620383918205961
0.7969589787753852,3,1,scooter,2.0559879496768385
6.409435711188766,13,6,scooter,14.351791325168483
24.408906995296316,7,6,scooter,47.04599352384521
20.137659241133246,8,5,scooter,69.07523231937822
24.00962778586532,18,2,bike,113.80729413475574
12.45242407619588,2,2,scooter,17.51889039568727
3.188536867598836,4,0,bike,8.225282340210036
13.925007479855477,20,2,scooter,58.68669730932754
11.632244696719042,17,4,scooter,49.212220294680165
21.186748527120592,0,1,scooter,33.40436569371333
2.9030232292139924,7,3,scooter,6.911387545116714
12.461907857033566,18,3,scooter,49.15652497629491
4.176192285002614,16,4,bike,9.611547257734966
8.45456020880647,16,2,bike,22.85286512256959
18.565248396001092,10,1,scooter,75.05386941994976
12.16244416953478,1,2,bike,21.03424488863733
9.709262986071348,5,6,scooter,16.286960417755576
10.164668824965865,21,0,car,15.601639863518823
11.756445825946672,13,2,van,25.629477258944537
19.732905324007895,2,0,van,28.806703328749506
22.35607487903574,11,3,bike,50.81717691488864
23.905699819346243,3,1,van,39.4623158280951
19.77913296325473,11,5,scooter,32.30976244868524
8.227468945826311,12,6,scooter,13.621189667826398
17.35930029912028,1,0,bike,35.68774895672123
11.221276539357103,1,2,car,14.423018669039859
6.739430240128254,14,6,bike,16.764445594913052
21.101353695935103,22,2,car,33.831611652463295
1.4414455495769625,16,6,bike,4.654947192359771
22.593168807317877,6,3,scooter,42.18576543092086
11.806197883305988,13,4,scooter,22.86305281106412
16.111436181802873,11,6,bike,35.39234884230031
16.654171094041676,16,5,bike,34.79480266603574
22.43038464731014,13,4,scooter,47.68767146272751
16.09840721309658,5,2,bike,31.72267909960061
15.541372826621513,18,4,scooter,61.24027585846981
2.1329749937369042,23,6,scooter,6.744323370923748
13.2009965376575,5,5,car,16.446226101247518
4.179140520017521,17,5,scooter,13.805073270366043
18.567127333676396,23,1,bike,34.7150720799761
13.049437059910526,4,4,bike,24.36402317086532
17.165580590604655,23,1,bike,32.295079608048205
1.5209860647584146,23,2,van,2.081841912131208
2.577404393122179,5,2,car,4.516358172813337
18.049923007535714,1,2,bike,35.692393893679565
2.2660662319674976,7,3,bike,6.715250721247943
2.2457898302488357,14,4,car,5.024510821865983
0.7966576432547425,14,0,car,2.0
23.934284258337264,10,5,car,68.69862545830559
18.56895480674567,21,0,car,28.444460650024936
9.154659508300572,21,2,scooter,16.18659000667748
7.765121741547553,23,6,bike,11.211735379377545
9.067729128773314,0,6,scooter,17.146115478539592
19.479011513938957,17,4,scooter,81.67103069217583
16.703579971225153,11,6,scooter,27.269755594052043
5.037291412752964,11,1,scooter,11.42368967419322
4.765678715685066,10,0,bike,22.672391211076697
2.9106934179782344,7,6,bike,6.782462905278068
16.677416632682785,6,2,scooter,31.708971345157586
19.227130224432532,22,0,bike,52.87039203002871
6.9936374939625985,20,0,scooter,33.568049146012655
1.0131515452573638,1,5,car,2.0
2.51320585317247,10,0,car,6.82771873513832
24.212570853703248,21,2,scooter,51.201559607671285
7.738397048196797,9,5,scooter,23.28715608965867
19.345967122034274,2,2,bike,38.25347538421755
15.804257436929463,19,3,scooter,63.59342768309346
9.85752117149595,9,6,scooter,29.984738183735633
5.5393379237911,17,3,scooter,21.70204015632866
3.4739672449054577,13,6,car,3.211322722918446
15.567817716952232,17,3,scooter,62.75661160187189
19.478527625625805,23,0,bike,36.13287756982006
16.275654211757704,7,4,bike,35.019625283573404
13.49240226460438,9,2,scooter,52.967178570004876
1.5278049740750885,21,3,scooter,4.779770895699338
24.2279750510624,12,4,car,43.774396031963505
20.068497695537076,20,3,scooter,79.1848166382698
7.674139899173636,7,6,scooter,14.71964218808022
24.50927306929184,3,3,scooter,38.50571455559051
15.24609894608989,3,4,scooter,23.297605668870226
14.769355126077539,4,3,scooter,24.113722427486227
18.827792896023535,0,0,scooter,26.19022193826454
20.38835980820837,16,0,scooter,40.7796308188927
16.583725879621817,1,5,bike,21.810886043766835
3.6383457859719006,7,0,car,6.074788286972456
8.78755389686521,6,1,bike,25.36520856653209
23.238049187988217,14,5,bike,47.53822165269093
6.003082490174372,4,3,bike,15.05773421276485
9.618092084019077,1,1,bike,16.845713487110938
11.085883632132802,6,2,scooter,18.917603963016916
11.265422247514078,7,4,bike,29.033196888081033
15.517019771115875,6,2,bike,38.632649576640866
23.605358024745335,6,1,scooter,54.16773985220017
6.3969714398963715,13,0,scooter,9.856055730193475
3.4767837193724924,20,6,bike,15.581035047717647
5.338027001568464,17,3,scooter,22.528237759971933
22.229660055127102,5,5,car,28.664847527604607
16.32236491005255,3,6,van,24.985046455760898
7.504716336359423,9,6,scooter,25.23912853726006
20.490700004731124,17,3,bike,95.14214340209502
21.603564910904183,11,0,car,38.07455138183396
21.23960129791181,15,3,scooter,43.60246455037469
23.013700074169083,6,4,bike,57.12712824489532
6.679904994247359,5,6,car,6.79140796172367
18.998527254283818,4,4,scooter,30.062958149211443
11.78321768321643,2,4,van,14.790432415277568
21.128964545806507,11,2,car,33.13334333661417
18.348021590459524,14,0,scooter,39.502631722653256
19.522962439243255,9,4,car,67.47537780447915
16.575965023186253,19,1,scooter,67.73132038665176
4.847004852007818,18,4,scooter,17.592964184743792
13.853159512974988,15,5,car,18.474314265858176
24.62440861835045,10,2,scooter,97.22698068680748
23.466007629179412,7,1,car,40.94049493413315
1.557756527026786,2,6,car,3.8439996984447857
4.53796298537121,22,0,van,8.976876232577709
3.7273549496367666,6,0,car,2.0
18.28650779463974,22,5,scooter,33.00573506910029
20.535740581495155,6,6,bike,43.6583542006581
5.7310284746114615,13,4,car,11.262139176860341
12.893390977319811,1,1,bike,26.37267770949355
21.0972241862744,9,5,bike,90.39065468407364
18.45363784677314,18,1,bike,92.6599043479296
13.784811534550283,8,4,car,47.3474641657446
14.963518416239936,15,6,car,21.010082804617312
12.954833399448859,18,4,scooter,54.941856120111915
7.789937057311104,17,3,scooter,33.88481639527108
14.343038825045895,8,3,scooter,56.673600219260024
17.37768990022722,15,4,scooter,38.07303727208661
21.896411438589787,12,2,scooter,44.016408297112854
16.08913817249158,9,5,bike,70.98363272745439
19.14747765755737,19,3,bike,97.09553818610404
4.421755056387038,13,4,scooter,16.766725361858647
11.808158123284853,11,1,scooter,23.803028423740635
0.7286246857637857,18,5,scooter,6.780639298253877
6.543632180779764,6,6,van,14.754642311927942
18.298312020268618,22,3,bike,46.756833693101676
24.799343808059405,14,6,bike,53.0284479014232
2.9298634398867898,15,2,scooter,8.713040559276543
10.336610738601562,7,5,bike,17.449804402814795
20.10173873312941,9,5,bike,83.81638374874294
5.498873048408021,3,0,bike,8.191320929152786
14.099581257906014,18,1,scooter,54.186975274824
18.460246752727034,18,2,bike,84.30267812947713
15.591643531374386,20,2,car,51.87692035701079
5.106605998077695,14,6,scooter,8.358602388323666
9.206921932800617,13,2,bike,22.649540567141237
19.702898719892232,0,1,car,25.9445590305329
14.078549596234406,15,2,bike,36.94553515761007
0.6281255318013621,9,0,car,2.0
19.1442736206883,18,3,van,76.21591676265832
1.3651281960358572,21,1,bike,4.870659466659866
18.77047767691519,2,2,van,30.800162669752122
5.460773724048317,4,4,car,6.998547674596184
23.972800262924814,8,3,van,100.60221791920603
9.51454840690107,17,6,scooter,35.82149252395133
8.509824600282938,10,5,bike,34.26207366239257
4.147757233144894,15,1,car,4.459720939436865
7.9873032795102645,1,4,bike,19.768573825945865
21.977943664790914,11,5,bike,47.94173497227663
24.91019127186756,21,4,bike,59.663984115295676
9.523583497417784,5,2,bike,10.258274134607685
11.490960458386294,10,1,scooter,45.25756795989326
18.190737985967058,7,6,car,27.05177799292851
22.211796621394324,11,2,van,51.98775305176131
15.029586187576212,1,5,bike,18.877831181040666
10.092379605356818,8,6,van,42.29212297310087
10.609235100791281,14,0,van,24.044874588314354
17.54264458917177,1,4,bike,28.76367220535439
0.5788474583048278,0,0,bike,3.8340889693402453
15.679938767766096,9,5,car,46.01602418014614
9.209578755813256,1,2,scooter,9.18295015996911
19.957834616288565,11,6,car,28.41755071770964
2.7782706756667377,22,6,car,4.906242592650676
14.910955540235568,7,6,scooter,26.11790818344232
12.283835802210032,4,3,bike,24.608285147405994
16.236975384678072,21,4,scooter,35.766242595879255
2.0889130648327248,0,3,bike,2.0
14.709602791989216,14,1,scooter,29.356492472590496
14.256372405008332,5,4,car,16.96973908616885
14.236172313196187,11,0,scooter,24.725554373007995
15.285447831613142,7,3,van,32.599013480455824
17.073464462045873,12,5,scooter,30.987980224697232
20.22223049217886,18,1,car,70.80539300110458
7.110607643141251,0,4,scooter,9.7537610243028
20.71371054941152,10,6,van,74.17034535385696
12.707264215454614,19,5,car,35.95112242387028
2.3879278387911134,0,1,bike,2.0
1.9344977664774903,7,0,van,2.0
8.68883880805349,4,6,scooter,8.315995736430512
19.729975939230954,16,5,bike,43.711516901799556
17.838182901152436,7,4,scooter,38.20957669217543
19.821066634473958,9,1,car,74.34638763119118
13.17309188281943,1,2,scooter,20.987275702916946
11.284875449909519,8,4,bike,52.715744083417235
4.1125869043039565,23,4,car,5.459107065450353
8.540722463428134,22,6,car,12.22383146531322
11.133474471259944,2,4,scooter,15.23326438048782
2.6707105271506224,17,6,bike,12.107080648358119
5.904992841424676,6,4,bike,14.75204849037095
15.156519704561601,14,2,car,25.73486120100073
18.52374629886015,20,5,car,54.34320863918032
24.959514029127266,21,5,bike,53.98512498546684
23.361276617917163,19,5,bike,95.84671231847483
16.24284738861219,17,0,bike,76.75619128309482
10.820577305704765,2,2,car,15.694141343284143
16.086345435351703,22,2,bike,41.6416681870286
19.748464642965683,13,1,bike,50.156728539511555
3.3992366776229894,23,3,bike,5.4967549098637285
10.542669797559062,1,5,scooter,10.310863487806019
21.07515599807262,13,3,scooter,41.281840104657405
9.903907322359577,21,1,bike,23.989893796068966
14.51087064506607,10,2,van,58.846775543997445
14.900349341123857,15,1,bike,34.83655024462619
5.019668201774164,7,4,bike,15.668500821244526
9.374768320481065,6,1,van,20.531226995042044
8.695526574177338,10,1,scooter,33.16033685711475
1.1418193590355874,2,6,scooter,2.0
1.0926982153382034,16,4,bike,2.873716065501825
20.87657757005645,13,6,car,30.00031143464054
7.190234844333904,5,3,scooter,13.379039266013523
13.192929772850977,7,4,car,17.13124523772722
7.818776552924939,21,0,bike,20.180346966331598
23.54664150532584,4,1,scooter,34.50616030002093
6.852770592211456,7,1,car,14.884720253665268
11.026591912103909,1,6,van,11.981030693567629
21.881891136872746,14,3,bike,55.33226700613119
21.127372386399312,11,6,car,29.126415906727438
5.059484737233794,16,2,bike,13.108721104218453
20.164761089994904,0,4,scooter,29.627709758276403
11.72557872507837,14,2,bike,31.52301813646691
12.332737366091203,13,0,scooter,24.092234145262065
3.7702593241906226,19,4,bike,15.928064861977674
2.474737087049554,21,0,bike,10.136668243341653
18.334513020857248,15,0,bike,43.16238655518629
12.663298232704843,8,0,bike,62.34917763294614
11.202842214071898,0,5,van,18.8747186989291
18.37295160198372,16,4,van,36.73213214738955
19.25506602528219,12,4,car,34.27452346972082
4.393250107899162,20,5,bike,20.00859837622597
15.450516162202211,20,3,scooter,57.15963117019627
3.8161750158032954,4,5,car,5.345107196265262
18.90868960771162,9,1,van,79.97551200317181
16.595401328544916,5,2,scooter,30.391937138094036
23.93705821654472,23,2,car,34.16371004090268
2.189471400732319,18,0,van,10.700679068021964
1.8978406682057307,12,4,car,2.0
7.413583329983403,0,4,bike,15.021573388632849
6.911789251529696,19,0,bike,30.893666393099046
6.550980577263996,14,1,scooter,15.72254657073714
22.7032372227654,13,2,scooter,44.9267223728075
6.6138818963129,7,5,bike,12.245626137461969
7.162768290151459,9,3,bike,33.07143406093886
19.105257429240112,8,6,car,55.84911411848744
11.51862614003823,16,1,scooter,18.995569308134662
19.52940864540194,8,4,bike,90.09310741101558
2.1014708603274386,2,6,scooter,2.0
12.445494244997915,10,0,scooter,54.447387014144105
1.3235332044904244,11,2,car,4.412303664873508
2.035003484656186,9,6,bike,10.905941969595684
22.70771760693807,16,0,car,42.51920020597742
3.9115115923810815,16,4,scooter,8.666369927752308
13.544306715742819,10,0,bike,63.642643941834486
10.57184226371731,21,5,car,14.526316642780719
9.009911493341646,3,6,bike,11.98685547918541
22.545916969338176,6,6,bike,49.4853727683923
1.0346732209994927,20,2,scooter,2.0
16.762847311301933,13,0,bike,46.50186449333273
24.103163638231987,6,2,bike,55.138867634203564
14.224120494815127,23,6,car,19.979219738022103
23.452150319810748,7,0,bike,59.97006275877803
1.7803180425075822,0,0,van,4.807651729472422
10.760436317316953,23,2,scooter,21.416233669951907
6.873865878570253,21,5,bike,13.756754499004044
18.40511364202788,3,0,bike,34.36347365978642
24.541778717182545,11,5,scooter,43.354633874214656
6.784986529884072,23,1,scooter,12.20880192286933
16.527277736114826,2,3,bike,25.05499732585681
5.353392002613633,12,1,bike,12.529731232165133
14.350591237004442,19,3,car,51.77673524376488
11.866345923864237,5,1,bike,20.79135288466489
24.31413057597266,10,3,car,89.24146288101882
15.40891818106343,22,0,scooter,31.201930012960464
9.06290611612706,3,2,scooter,15.486497609326026
3.2953467297543675,19,2,bike,20.470653369056237
4.205547304005897,15,4,bike,10.48161234137882
6.02026478380526,6,3,car,14.924423501150319
6.648683202837301,21,4,bike,17.70627819863537
21.340093417107877,10,5,bike,90.82693658940354
14.24995831292186,23,5,scooter,16.396005892352033
13.323077328671978,0,4,bike,27.91583106137633
3.311837360795828,6,3,scooter,4.804502653173391
21.57342248706116,11,2,car,36.42385718379204
18.20895042860785,6,3,scooter,40.195496199223754
2.157874866550039,22,5,van,2.9206610252650673
17.841959882129334,6,0,car,31.6295853796178
13.816686324894828,9,4,bike,66.15847722193432
2.5022709707960673,15,4,bike,5.948453728081129
11.728365717452084,7,5,scooter,19.94877811372697
12.375059034686151,8,3,scooter,46.39170693341722
4.561476234000256,8,4,bike,23.530515423241468
23.66960460150692,1,2,van,40.91819716445114
21.324396601276217,12,4,scooter,40.902830963955665
16.891047264563152,12,3,bike,39.21164740105826
11.826241244514877,22,5,scooter,23.306349789069948
10.588255768820458,22,2,bike,24.62045065011786
16.448849945198376,3,2,car,21.968582582179135
13.863080800469184,23,4,scooter,18.683024894348893
2.0256910941061976,11,3,bike,4.671240490684181
13.056314894873127,16,4,bike,28.70661971127889
20.256888622204567,1,6,car,21.413229773978728
11.751377001125473,12,0,scooter,21.210211507230547
1.7729361500795762,17,5,van,9.197066343131945
19.763815884908812,14,6,bike,37.25746220576551
5.4334126623313725,7,0,bike,13.840235422983797
6.83621045475695,14,2,bike,15.737531777959664
4.535305659091249,0,4,scooter,11.166180801093248
8.59026908935169,19,0,bike,43.57170158262758
19.04041188937156,9,1,bike,87.67407871316597
13.224953557846465,11,0,scooter,24.768338696075524
5.519591216692458,4,4,scooter,8.449939575822809
22.006836914725,8,4,bike,103.95063883171815
22.049755446312464,22,5,scooter,41.072220774058025
21.82917141362717,7,0,car,37.93126248273083
6.350507178847712,15,4,bike,14.661179380096351
11.555363932434208,13,4,bike,30.675565542992636
24.63224657545144,12,6,bike,47.87435247232268
19.414305669594764,22,5,car,28.14404185415291
1.1656018200262155,20,6,car,4.2190836651748365
2.0975124858820555,12,5,bike,3.9534737707741074
11.866318731902153,4,5,bike,9.73579291142035
22.775895043608223,15,6,car,34.968715616579715
13.698194049841499,10,5,van,52.55735316101276
12.696406446840111,21,1,scooter,22.355168991813134
3.084105648937449,4,2,van,2.0
16.591112565745203,12,4,scooter,31.1490183828569
20.641527434705523,10,3,car,70.16050540915315
9.820290183935278,18,5,bike,40.65744396016577
19.502490347670523,2,2,scooter,24.102511931724397
24.129678020569884,14,5,bike,50.96724401097771
5.4922782486283825,6,2,car,12.501964359086838
13.321575964271162,6,3,van,31.41665409158007
7.5348799730721,5,0,scooter,15.257653078583544
19.924933266329063,2,1,bike,33.145571265196885
14.65103746408836,12,4,bike,37.79967683831961
16.04726922998244,6,0,bike,35.711984418586184
20.048896910589406,4,6,bike,34.5532399850121
10.201276580230145,22,3,scooter,18.1904990877271
22.91970667597256,17,1,van,99.28338370338551
13.559207247530429,21,1,bike,37.14765842967573
4.369893159466026,7,1,bike,13.28655256962356
17.54952839513566,16,3,scooter,32.33222771818051
19.934903085737233,19,5,bike,79.78989984432337
8.260661088154404,0,5,car,11.801351066278013
21.500891796469446,13,6,bike,48.829829889715086
22.700509741761277,16,5,bike,48.66437532096165
7.284159940756319,9,0,bike,33.43044881181271
24.59627608152294,11,4,bike,59.15667274645571
3.947432437194581,15,1,scooter,9.192197268821648
5.449383875861004,13,6,bike,11.103960265184362
5.013508561331641,15,6,scooter,5.955303405575407
22.402747895192825,7,1,scooter,47.99671148887491
16.530167531961567,22,0,bike,45.307260523643045
4.226554938945686,9,5,bike,21.920937244197376
11.28792375002455,16,1,scooter,16.062351360988067
15.57480161421015,17,1,scooter,65.7671525802027
2.544870082239891,19,3,van,12.641185266342859
22.119201025979798,15,2,bike,51.11423864568666
20.188286618317612,16,6,bike,36.2455285370302
12.877565952627636,15,0,bike,30.565247729460037
24.194602073849676,18,0,scooter,97.86945298700158
10.735143992239943,23,5,scooter,11.040831973717362
24.610702816394195,23,0,car,36.15044649073202
16.864039970688864,7,5,scooter,32.95282348003743
16.04944619472157,5,3,bike,31.033494598042786
4.565894934746733,5,3,scooter,2.9060086443799964
22.10723007846378,20,4,van,93.95904536219693
10.973497354055072,8,5,bike,47.97350239504736
4.474718441670744,3,6,scooter,7.959468352046008
0.8088842394060964,11,3,van,2.0
14.214014249140373,11,5,car,19.531420575823862
13.42129074200557,22,6,car,17.832445144729732
18.124163748044385,16,6,bike,36.97567649220022
22.31132229893615,14,0,scooter,43.16257686063154
2.4454613237542233,8,4,bike,9.731423699054313
18.421664013338876,6,2,scooter,36.43047498773092
5.091592630390764,9,1,bike,24.559619324131337
21.525337802350517,15,1,car,40.161737556885384
20.567056089610574,11,4,car,29.913993674038927
13.749446997145837,6,5,scooter,27.569871673519923
17.900948566271133,17,5,bike,72.47505550927264
8.201577773001835,14,5,bike,22.697856397925946
12.043613523853958,5,2,car,17.901279266173557
20.630103993906555,11,6,scooter,37.52045621026363
11.751997330743741,10,1,car,39.98051830685324
9.266057500473323,19,4,bike,50.66614827291106
12.608204957632347,2,5,scooter,16.775348540908745
20.79210668471185,1,3,car,31.953254923322326
8.712597160586382,5,0,scooter,11.680396969620055
4.757159031825723,23,2,scooter,9.468487159346235
17.94434349810413,21,5,car,32.44387424833663
20.736466211348006,4,1,bike,35.738786309702995
2.9656182238265667,17,0,bike,15.708747979991003
6.376915762520646,15,4,scooter,10.634706753663684
3.9783137491443505,7,5,bike,9.591555556810711
9.024564583763082,19,1,car,36.62332984127875
11.53359898318261,21,0,car,16.971626578785024
18.84624525560101,10,3,car,65.08372205555656
16.453115829601018,9,2,scooter,63.30904954439153
15.712749903221564,23,4,bike,28.62030972723267
9.133186191936533,11,1,bike,23.78332591601367
21.115465050576617,20,6,car,62.05843440986801
12.046535601255032,5,3,bike,26.961499980272976
24.488070981371287,19,2,scooter,99.40231482139953
16.036482388245552,4,2,car,17.176774950390993
3.593486168330317,22,6,bike,8.458832999575788
17.066350270848133,8,3,bike,86.30183485433652
8.465048378076624,15,1,scooter,18.557339391487975
17.315016318809388,21,2,car,30.465168251776944
2.2062081299789407,13,4,bike,4.402303493879457
4.784595210811005,21,0,van,9.961623860193791
21.465562843191766,7,4,scooter,42.96365091924449
6.065899147076115,19,5,van,15.268017658565109
21.00750756845203,18,2,bike,102.22713191262233
7.342264167133056,13,0,bike,20.61152753175341
16.250606796438337,6,3,car,25.614394066678063
17.50668905099086,4,0,car,23.783194671044452
13.060041452053797,17,0,scooter,53.30100061939038
7.980111579069916,1,6,car,11.58152123499252
5.7097872210918545,10,0,car,19.613443541820732
1.3131391867794424,21,2,bike,4.770444767717642
7.946686830397733,7,6,scooter,10.335538631856071
16.502488368016433,0,6,car,15.880294559636436
23.488468051987827,21,5,bike,50.312852612221995
21.844509815444773,11,5,bike,44.899759682339706
19.268587025114915,1,6,car,17.352759395649386
19.81695990970582,17,6,bike,83.75675786202098
16.792130135161884,6,1,bike,36.47685628302742
6.877028010367074,16,5,van,20.92217006145153
22.726278252292833,21,2,scooter,38.924174128046666
16.932941641692935,22,1,car,29.185934599941394
14.23079545902078,13,3,car,21.047204296071666
3.2192419957302865,23,3,bike,8.690821668654337
11.452860823257422,6,3,bike,26.278213361220008
11.778777644447194,21,3,bike,31.307564770011762
21.681808433305413,2,3,bike,42.32996627061539
13.892881394600817,5,4,scooter,18.170407377512444
9.819813449775037,19,6,scooter,31.97387729785155
24.431608048511155,1,2,scooter,36.5535305549131
3.212654536494734,16,1,bike,7.507776612219511
10.852436493642642,11,3,bike,25.456486237523936
1.5296045416994297,11,4,scooter,5.2435415744413945
18.627650958789793,16,5,scooter,33.09777070688524
22.99287552887919,9,4,bike,108.52785247418879
7.3609145739869914,2,4,scooter,8.587125596588752
21.52937108157846,19,2,bike,100.89329891630702
7.659346646316496,17,3,bike,37.75484298577514
22.813868960275922,12,4,car,38.53027234948727
18.972066638121206,11,6,bike,45.834820975623835
20.220216032615248,16,4,scooter,40.43970202836293
0.9411606122111352,3,3,bike,2.303718482396783
24.088853748313635,22,2,bike,52.410140448888924
18.30343930572292,9,4,bike,83.84233016613656
7.966401836960267,10,1,van,30.777517896727318
20.82016928904175,5,0,scooter,30.43193769503192
7.397269361165784,5,5,van,6.156158894550012
21.882469069370135,8,0,scooter,84.06508833237024
3.258219565092457,14,0,scooter,8.511251084096916
17.740306447789497,1,2,bike,30.17174757308267
13.747112677800303,3,4,bike,25.256247089655663
2.8650945197883,4,0,bike,7.065826210057331
6.426398792341555,16,0,bike,18.263216948971465
0.8038988887942123,7,5,scooter,2.275657415601077
11.984815153880392,7,3,bike,29.821780058073735
7.8809988886200095,21,6,bike,19.379133101235915
15.15975836529509,11,6,bike,32.88055394843235
7.782326288861121,20,4,scooter,34.23558145868382
7.848018231921125,7,4,scooter,9.265858926659359
18.708233368924283,18,5,car,55.52506083207924
1.6794994814696595,2,3,bike,3.2676768615732845
22.620927382203686,17,4,bike,108.2267986409721
21.380464922583947,20,6,bike,89.60980289574186
16.86121473904696,18,6,car,49.04446191846128
15.033928467630915,18,1,bike,74.52978920297471
22.36141120442148,14,5,scooter,37.28270470852974
5.040589398453504,5,2,scooter,7.101523959231135
2.434744473675301,15,3,bike,10.175499729528374
6.367999162783684,7,5,bike,17.203054499247088
19.96716782815466,15,0,bike,48.39410609418716
1.3494215347988414,17,4,car,2.7159234835465913
14.778767459545495,19,1,scooter,54.21225071290325
24.888219146687092,15,6,scooter,42.889807672045194
21.464554299019717,10,1,scooter,87.38275550953789
13.275419381567941,6,2,scooter,24.387354379058877
2.059202277522737,16,5,scooter,3.5990075946466207
20.868651102449892,16,1,bike,49.039445630258214
15.174973450341659,11,5,bike,26.502925037096944
3.3158584279593875,12,4,bike,8.309558884246318
2.799503478172227,9,4,scooter,12.503283332885237
22.785857076196514,6,6,bike,48.03135117293126
16.89540644198292,13,1,scooter,38.628306184782865
20.81752658326051,22,4,bike,48.996462592797805
22.03498305691555,0,5,van,30.37987775753653
14.508422625183893,16,6,bike,36.777827786914784
13.177435617998512,3,4,bike,20.581344588287546
11.04547155286426,20,6,van,39.30378704780497
8.265191400882422,4,0,scooter,13.798628831364203
11.147601041038438,19,5,van,44.919667665593444
19.46005156538883,23,6,bike,34.04472372886022
15.247124059870723,22,3,bike,33.47345564773249
22.36682060389373,6,4,scooter,49.616576870132135
11.362810352290099,9,4,car,40.350387723549446
15.373694678609473,16,5,bike,29.62612160751254
15.967035050753724,6,2,van,32.0094737372975
14.996580476504976,0,3,scooter,23.28630239264512
17.714527440595152,6,6,car,32.86372072159955
6.317119975182754,23,3,bike,12.299719511302374
13.052912549871872,10,6,bike,60.91120650135686
3.053507668804518,8,3,van,15.720723592969748
9.920527527297908,11,1,van,17.471377856116064
12.447843181220978,2,0,scooter,23.373059213775935
16.479494358864073,3,0,bike,27.591227687227665
23.788010788361987,3,2,bike,42.07099211595295
15.21595113043472,12,3,scooter,31.25916146673054
18.718050946325715,22,3,bike,44.83801680632437
12.903518457632467,18,4,bike,64.61713190417761
16.03554876872012,9,6,bike,68.43615196308414
2.237839295277449,4,5,car,2.2122993648926403
6.7325937306252515,6,1,bike,21.255003417380877
9.365400783525898,23,1,scooter,12.984693040294692
12.076087197659582,15,2,scooter,21.152100474250634
1.6183942648084015,0,0,scooter,3.8797347082713283
3.9305903900562833,11,3,scooter,7.806630642238508
7.281950540886991,1,5,bike,12.426216610172558
24.302550927075742,6,2,scooter,50.81958619937578
8.618001674024743,10,6,car,25.138142650933784
12.310005923746022,12,1,scooter,30.195838537527585
5.304393962090627,1,1,van,9.538466120358441
15.464111741356323,6,1,car,25.15872494923099
7.376738780141371,14,3,car,14.414575643695734
5.571318171741456,10,3,bike,26.485883441217954
13.156029396926487,1,3,scooter,20.579935684942924
0.6348920794303101,6,4,scooter,2.0
0.6877687999060205,3,0,bike,2.0
5.867185822995515,10,6,scooter,23.592373873333273
1.399673381270118,1,1,bike,2.0
3.146630976201939,15,1,scooter,5.926133253377981
8.802085908799414,6,4,scooter,18.581723731156746
20.163349149705414,12,1,scooter,44.565776344778044
14.51519176254787,4,6,van,19.36150652714558
13.060359285932202,16,1,bike,33.62156065086385
7.69047616859898,20,3,bike,36.552711365062365
23.327966126104002,11,3,bike,49.44675899166852
10.226868510311196,18,0,car,35.201776541717464
2.633772786496402,6,6,scooter,4.379751930280776
15.618129644886132,5,6,scooter,22.16918394018766
3.2890406401767347,7,1,bike,5.965748352513248
8.957966998641457,12,2,scooter,16.307859228588374
12.931592498586317,4,1,bike,27.476917602474607
21.918451854786806,1,1,car,27.895013199833723
12.591891218332908,8,0,car,37.43190734606938
17.705339767775776,10,2,car,62.17535540597352
24.824012555477225,23,1,car,35.32265540160978
3.7214834375005497,5,5,scooter,7.53986401490169
7.230922375228229,6,5,car,8.933015883889666
10.167113852142338,6,6,scooter,17.682623959719475
10.834790374201368,18,6,scooter,39.28006015881694
10.570016344005872,5,2,bike,22.40561436942658
22.736469562635595,10,5,bike,96.4062880243911
17.993799789437983,10,3,scooter,74.30207021594164
15.393677745222242,6,3,scooter,28.590913020144804
8.079631587638161,1,2,bike,8.045952346058868
20.68286441342172,18,1,car,74.07376359580773
23.898982531382227,3,6,bike,35.52820595259327
20.61935792248055,5,2,bike,37.552244192677534
0.5383450771910862,16,5,car,3.2260308216066482
16.091833569493474,4,2,scooter,24.836725181713607
1.7528168453314676,6,5,car,4.720905251465909
6.811376898176185,8,6,scooter,31.056319792915566
1.9583551585204062,0,3,van,4.882605560545297
15.292988597259999,0,2,scooter,21.341768050332156
17.321452880568867,18,6,bike,67.95659772751172
3.3049471326146755,5,6,bike,7.335640612356187
9.904052634601998,17,4,bike,47.78397376933087
11.67779446941078,9,5,van,39.38285176024618
9.541799033142457,10,4,bike,49.33784641921247
3.4651125118872295,0,3,bike,8.56957664789934
10.764220859593147,0,6,bike,17.24559780331537
18.903862171306244,12,6,car,34.74008979844928
2.2396877810647586,4,1,bike,7.204318118689717
2.464410345006635,19,5,van,6.212206080662886
9.191896649981613,0,1,bike,20.487551535360726
23.572279934663662,19,3,bike,113.91170913226267
16.880029844711395,2,1,bike,36.84305772440503
17.127413938477837,17,6,car,53.8920493191136
9.367039775527692,8,5,car,29.37949408339133
15.04468938460919,13,0,bike,37.38938883660379
0.7482140086797128,16,5,bike,2.0
16.084353137033784,22,5,car,22.440606098791555
22.8755302156178,13,4,bike,55.526330533966075
15.50804997444807,3,0,bike,24.514996615049526
21.905615539925453,4,0,bike,41.842703212664176
18.2373398589193,20,0,bike,85.30939708833782
3.453681201890411,16,5,bike,6.028143058615932
22.61010602850312,21,3,bike,56.39635597821928
2.1278741867164848,1,0,bike,2.260533335279715
13.582203077420212,22,2,car,24.692239499021035
3.9823595329397126,21,1,bike,9.99257295685102
0.7868119629071496,4,3,car,2.0
10.839839373127155,3,2,bike,22.65619207010456
7.728497337526828,3,5,scooter,13.137386569894367
12.407012098041275,5,5,bike,22.878923990155247
14.641397224996494,19,2,car,55.922118102929915
1.5716072715692102,20,4,bike,6.310309599470176
3.513580730531768,12,4,car,2.0
14.186738713035421,21,2,bike,32.07715407231795
8.907600152730126,4,4,bike,19.32327629822368
18.364750444961476,22,1,van,39.108926897393246
16.481145390502522,22,1,scooter,28.747972732267684
21.21730689325272,6,5,bike,39.22932806582183
17.46607425339602,19,4,van,79.11566897817599
11.033311396058629,0,0,bike,22.19493794013188
16.987682248663592,13,2,bike,39.280440219554315
7.246838769257754,23,1,van,17.592885223092953
8.004680720066212,3,6,bike,20.79703442814377
19.830136418059435,16,4,car,37.0990548839834
11.437278151838763,20,6,bike,50.004234112705106
20.060318342699635,13,4,car,35.97387795694088
20.649348154872822,15,1,scooter,43.86576516008022
21.51027727270145,13,1,van,51.96856071899908
22.95756327810958,15,0,scooter,42.99697171215224
11.059137902575758,23,4,bike,19.39964074309798
8.312237048867901,19,4,scooter,33.10558560176926
14.763869291555789,7,3,bike,37.15621175466673
9.593724374221875,23,5,car,15.697203172855332
15.226317086605707,2,0,car,21.317147775164116
17.786853634773703,18,1,scooter,73.02311614449603
17.365922953057353,0,6,car,21.943297985403895
9.676545731992974,1,1,bike,17.933649102689028
4.588074941619444,14,2,scooter,7.9277536158279185
11.047968792324085,21,5,bike,23.28066034473762
3.993556530006764,9,1,scooter,14.01133806401077
22.307377362003304,17,4,bike,105.16412326142294
8.973997788077506,21,1,car,16.488102931783505
4.284263806971433,13,4,bike,8.847558897169382
1.1234701176908966,16,4,scooter,7.7870539313655485
16.32264846401886,12,0,bike,39.613984906948176
16.10410677764121,0,1,car,25.313943070866614
8.844802081241646,4,0,bike,12.59358221141608
2.2569412767674497,12,6,scooter,2.0
10.535907924933184,13,6,bike,21.6547754828207
8.124828629053143,23,5,car,12.126874024287407
17.08945567350773,2,4,bike,30.079590767962227
15.341591611590914,14,6,car,22.56832274363083
9.43254634083973,18,5,bike,42.37040445264833
5.838367579247257,16,1,car,8.844544516114853
24.706881170812,2,5,bike,37.390665420090805
11.623039719304813,15,5,bike,26.38195558256603
17.362718776615807,13,1,scooter,30.81332949116379
3.943547705669839,11,0,bike,8.343522066740736
12.396947641655245,11,0,bike,30.095503361191543
1.1746496368019044,10,4,van,6.62127014479045
12.883650388806023,16,4,van,30.07576632682018
24.118426474383707,7,1,car,44.28183282233013
9.913064468152106,16,1,bike,22.883933148387644
1.455402308085334,20,3,bike,9.858470864574995
1.2584168775239164,22,3,scooter,4.035281523579604
10.005675618698302,19,2,bike,50.190864903614255
4.4206109433482546,10,6,van,14.572980209581242
1.0721263600405548,1,4,bike,3.9746343689248964
19.02723354177933,9,5,van,70.450694292173
11.733813717606322,9,6,scooter,40.95687008621321
7.586496913330036,10,2,car,26.50627133011881
22.552037983903777,5,6,bike,42.54349598416913
3.3454045249128774,3,2,car,2.0
23.92001130940532,23,0,bike,47.72797008960531
8.192184575745145,11,5,scooter,18.538395125102554
22.26588997156269,10,0,car,78.81696093855165
15.272100473746807,22,3,bike,35.046688469603254
20.754330313666443,22,2,scooter,46.59817737305339
24.608322498656374,12,6,scooter,41.80104092874247
7.56593322655927,4,3,bike,16.02923272502567
24.047819392486026,5,5,scooter,32.53373913113029
10.042306425109299,0,5,bike,15.01397857197965
9.945041666054596,5,4,bike,20.00012911311686
8.83948405423539,17,1,scooter,40.99616863890614
13.764486380015837,21,0,scooter,28.298008824673367
4.2765535578729335,8,4,bike,26.462767838198456
14.065931391271274,23,6,car,15.57926884485922
13.771767904045099,14,4,car,23.84098984556907
19.166594408819314,7,6,scooter,29.655833211969007
20.924424067470845,18,0,scooter,82.02418153448829
11.290813082654388,23,0,bike,20.189467758237413
7.907164609111597,15,5,car,10.79994612260515
6.8537049842688145,5,5,scooter,6.2881098941437745
5.268283999269363,5,2,bike,7.440527476947474
1.9123657638761096,21,3,scooter,2.9649611510415554
8.889975481450477,2,5,bike,17.83114821481675
7.12106845720419,9,4,bike,29.694386866020125
24.177225953726982,0,2,scooter,30.94919504740197
14.163866243126076,13,6,scooter,19.35032825873506
9.008287456247436,3,2,scooter,11.31670540123648
14.721456224345552,11,4,scooter,31.353822683483354
3.91031918296954,5,5,van,4.53592837000164
11.37907185545397,10,6,scooter,38.469504278676965
15.842740874816064,11,4,scooter,30.508251871780423
12.477996878915059,9,1,bike,54.26089239059062
10.343580616030945,17,5,bike,45.75747976709413
24.849285528042607,6,3,bike,63.56985679710331
22.067711672648713,6,6,scooter,37.37221461339429
15.773445974906283,10,4,car,54.33676983793884
14.449745348965928,3,5,bike,23.553078368092283
15.706181755702309,19,0,bike,72.18620502028652
5.432146641649615,0,1,bike,8.704111827949085
10.180874709975805,12,6,bike,26.604313620153164
1.4667585558270333,17,6,van,5.454212664948871
12.150877918427254,8,3,scooter,49.274069078696634
13.804102306962747,23,5,bike,20.0795082968672
6.079868534528635,23,0,car,6.727533119136609
24.11870675555509,8,5,car,73.84557908167413
22.78163796796243,22,0,scooter,43.04447507568148
18.192509268669692,8,3,bike,92.18399308229937
13.567972404751384,9,1,scooter,49.42309118170426
21.814244411368282,1,6,bike,33.120033586014365
3.700982423674841,5,0,car,2.0
19.867489959734684,14,2,scooter,43.708069659018335
3.5581099421877833,2,3,scooter,5.365194836776204
19.958161232460434,10,3,bike,94.94000588011176
7.2563054221582455,5,4,bike,14.589066587620643
21.988719234945627,2,1,bike,44.79160292974302
23.629031298722246,23,2,van,39.59715895236287
4.145501250425333,10,2,bike,23.326358059928975
11.83555232410214,14,4,bike,27.524414299165315
24.534190764985784,12,0,van,49.68924717354774
12.343482181342091,19,0,scooter,50.07057076700942
21.656914301606356,9,2,car,72.16020158953162
14.923922292217336,5,1,bike,29.61809922392876
9.695582744030245,14,0,scooter,18.16318057724341
7.50169711038382,17,3,bike,35.75451840649237
5.478965731609138,17,5,car,9.613606605375915
19.16405568875358,6,4,bike,45.619569910404394
9.970242417164183,14,1,scooter,19.212729282323068
13.026248823918403,17,0,car,48.15031596252199
12.561974260028958,17,5,scooter,46.30414516447961
14.643336216211715,19,2,scooter,58.64599996590421
21.70664006780153,8,4,bike,99.30055786474715
24.52811391779402,23,0,bike,43.96197479008507
10.485813110058515,1,2,scooter,19.624092434727363
20.774213591604425,7,0,scooter,40.95307912632468
19.230930969040582,19,4,van,79.2179994738414
14.551459310661544,1,3,car,22.644209249725023
23.923155018492363,10,6,scooter,78.34043182166764
5.411625630445868,6,3,car,8.938262256200959
3.1769731525857248,5,6,bike,6.774408854606608
21.422068190407842,9,5,scooter,74.88970329613468
11.259170507526834,4,2,bike,17.06160329896798
21.250736928072982,10,6,bike,85.9111506995481
22.380710027287666,0,3,car,27.419094588073644
2.0302110436672502,1,4,scooter,5.476810158214093
22.144886693158487,23,2,scooter,34.58063189320149
11.483816856550844,0,0,scooter,16.504780004992746
13.005595980603688,18,6,scooter,46.463587552266866
15.851516521783651,1,6,bike,23.19669012528576
23.196373864887125,20,1,scooter,95.00063178609729
0.9683443135292187,19,6,scooter,4.719827856151349
12.182664973786519,22,6,car,17.486996951232875
17.349190039548738,20,0,bike,82.78931257257236
18.2063204636066,23,4,bike,32.58619826270868
17.467044572659145,3,5,scooter,26.35510977747455
3.7936606704989853,11,2,car,7.151693830631841
7.83519191510619,21,0,scooter,15.020923284061459
9.28853037271683,19,2,car,28.935457140127163
20.20871158814787,17,3,van,88.37723858335946
7.3296168741565495,0,1,van,13.71005161865272
5.662271614746477,0,4,car,5.88980454596507
23.957476466433356,23,0,car,30.33180583326518
0.717150485279988,13,1,bike,2.0
24.946610964208467,3,6,car,25.144888098121992
17.082121822006194,4,4,scooter,26.50130787518444
20.797497836503368,10,4,van,84.19582007022905
7.718175210481732,23,5,bike,8.551973296512237
0.8507243028429694,22,3,scooter,2.0
18.577803204757487,12,5,scooter,30.424337701941553
20.936542626516555,15,5,scooter,37.765551259966536
18.641665232861218,23,2,bike,35.26437411142655
3.9998320388705455,12,2,scooter,12.129536359668325
18.958984095295744,23,6,car,22.01842010648273
19.338608161637204,21,1,scooter,39.29560622796763
16.634242633916344,1,3,bike,27.220208211700616
19.269840353491862,15,4,car,29.551081857613035
21.225075272104437,5,6,bike,34.26697945467536
15.53330079881773,13,3,bike,37.52505769594321
2.670815492257137,0,3,scooter,4.977718010033244
12.446881336846666,16,1,car,25.1464127052676
2.402408699454324,10,2,scooter,6.25921248849875
10.484804260294556,18,3,scooter,47.008953025974215
10.474108983577876,2,3,bike,14.866785705272001
2.1172411814359187,10,3,scooter,9.587786191265344
9.046103082252243,4,0,bike,12.961436312521883
3.2194534203872136,16,3,van,9.071240154802428
20.301762645225942,21,3,car,30.35151771589816
23.718356636129535,6,4,scooter,39.23929024761482
2.271753643819496,9,5,scooter,8.33936166652732
23.900322578646684,10,0,car,81.5690224981294
13.303126683750257,2,3,scooter,23.7845600670244
7.8393591098699105,19,5,bike,32.95440059867348
2.383120844266006,9,3,bike,9.204416604388308
12.765294567725237,9,1,scooter,49.44174810231352
19.965630840023344,13,1,van,52.431555161256384
17.823618693034106,11,5,bike,34.573393094095294
1.7305372808673571,14,0,bike,5.726937026277951
2.286094966513636,9,4,scooter,10.350979273219899
10.370395424499609,9,0,car,37.199224418128665
7.73461710417461,18,0,bike,38.52480389216967
6.193415914873172,0,1,bike,10.631145446371166
7.384610223263483,23,1,scooter,6.074792478399936
20.185327210773675,9,4,scooter,81.20820150259419
23.26608731398042,1,6,bike,37.31177866931965
10.425016015925378,16,6,bike,22.12835091978118
22.69971955224618,23,6,scooter,32.063213642276715
8.376644680573108,6,3,scooter,15.512436618452943
12.172706165422895,6,4,van,24.223497698855546
6.037710446491993,19,3,scooter,26.853371153809753
16.191663033308178,8,5,bike,66.5960530803519
24.48503732178282,21,5,scooter,41.101518126736465
15.285580853062777,1,2,scooter,21.77554969794787
9.266445060781948,13,6,bike,21.122374613682236
16.371527426767948,16,1,van,34.45254695258768
3.5115566224019954,0,2,car,11.269047485790676
22.27214746650227,8,2,bike,107.07865158451064
12.82555679410599,19,1,bike,57.94286625476672
11.50906867997123,20,2,bike,53.93290758832819
14.85368731711122,18,6,bike,63.963961623298054
15.80720463834036,3,0,scooter,22.518262540194318
2.258507252549569,7,3,scooter,4.465359070394148
17.22412191997336,12,6,van,35.030003330900534
6.427326167730475,3,4,bike,15.252435583891089
17.99183949641145,8,1,scooter,70.39410446104783
20.65210246241282,8,0,car,70.03673940126298
20.196983435036746,21,5,scooter,35.4156625677442
14.036273701493283,17,4,bike,71.40109314561732
13.244162361613403,11,4,bike,28.486579798939566
4.000461052815587,9,4,bike,20.281387442899753
19.495980684876823,10,2,van,83.72052548768303
7.149529820944502,6,2,van,12.629360529641657
12.66903785903969,8,2,van,58.007891621285665
7.464715276724159,5,6,car,11.53065637487739
3.7787948934924818,18,2,bike,22.753045601701412
15.924163573847546,15,0,van,37.663815778248505
1.8311348531611438,14,2,van,3.9544590281620313
18.8418082360919,6,1,bike,47.078613476792235
8.280876483897359,15,4,bike,20.869605523070184
0.5032999786098904,4,0,scooter,2.0
13.02266391131213,15,5,bike,23.264515795949443
1.6478717589262766,0,2,bike,4.149253692861406
7.266154166612037,18,5,van,27.368254400327853
17.820923942665047,4,4,van,28.365909054917786
2.0358957297357136,6,0,bike,4.609043142158262
21.063793062722056,18,4,scooter,89.5635637370965
0.5935881051352861,21,5,car,2.0
6.547184795446605,4,6,scooter,10.678464626643299
18.65214937572575,16,0,bike,47.292721924953256
8.248618668368017,21,3,car,17.04366143579471
2.9963635076173314,7,6,car,2.0
9.325731010610482,0,0,van,14.492505817214742
7.1246355164208754,1,2,bike,12.123744900595332
21.146441602933596,14,5,bike,45.007661743446114
8.177023980836006,19,4,van,31.656166726208568
19.828845558512178,17,4,bike,96.31389127816557
22.350867547863,10,4,car,73.97724723060817
11.128526779624973,9,1,bike,52.5241885439594
22.793607024432603,23,1,bike,46.11566440805892
9.744292322098225,23,2,scooter,17.517680258752282
24.11992120400765,3,3,bike,44.900566538995214
2.687593350876537,4,1,van,2.0
17.331972029329446,3,0,bike,32.99462793752556
12.598443991194753,12,6,car,19.979069168484372
9.997395733663353,12,5,car,8.604706671964303
16.00144102934072,17,2,bike,77.85946386975661
17.744498745041113,23,6,car,17.119052651958327
0.6069001064325726,1,3,bike,2.0
4.590350674306369,15,6,car,3.476814502443082
17.969628240540807,0,0,scooter,21.161145288370996
16.82644263266606,18,4,bike,79.54416485303243
24.168163875652592,8,1,scooter,93.65681554945111
19.145425861144183,2,0,scooter,32.876253701748105
23.79393133941778,6,3,van,49.90981150372466
17.71224228760277,9,2,bike,82.85928122544888
7.8022791116663575,0,6,scooter,5.658836565701136
3.081440595145984,9,0,bike,13.507129988796295
19.654684651950923,20,2,car,71.44783709335874
16.281655926159942,8,4,bike,82.79390551067866
1.6805573036357577,14,3,scooter,2.266893383864806
9.321236414573969,14,3,bike,22.162442316276486
23.94159547936501,2,6,scooter,34.13759833230675
12.75982806989993,4,1,car,13.749524026490423
11.101863832482763,8,5,car,34.205908616166134
11.713640326402702,21,3,car,27.180714185093233
5.6176267381265115,8,0,scooter,24.76584855469691
9.533325686187483,22,0,car,18.542496634106985
9.560424771685827,6,0,scooter,23.15228888375551
1.7826979945930739,23,4,van,5.649865591373472
19.305406898688997,22,3,scooter,37.85235585139447
10.704358581645035,11,3,scooter,17.869324335382654
20.64340722700237,8,0,bike,98.68787244940785
21.333526027437436,5,6,scooter,25.630790052577378
5.693854340117123,22,1,bike,12.819614830945934
16.60516031316815,1,6,car,16.42705296771907
12.070904201993052,8,1,scooter,47.11400340931336
22.063840079076385,16,3,van,42.82367951697963
5.785646639823126,0,6,bike,7.208053307701136
17.106423407596083,18,3,bike,83.32737171442636
15.389926995191702,5,2,car,22.26822294687794
7.734886200509903,4,3,bike,15.602622470215888
3.846722139453729,1,6,scooter,4.01816961150622
16.465174131693274,8,0,car,56.826493350630436
18.595637724242103,13,5,scooter,38.172139991746434
8.232869922202074,3,4,bike,13.036900224714248
16.298398798546685,3,3,car,26.307156398034472
10.18070723648183,20,3,bike,44.53581633679586
17.973568640424133,14,0,car,25.685319537448482
5.380774234904301,7,2,bike,12.472013587631386
22.310267564586272,3,5,scooter,29.734166696819575
7.541535113406703,15,3,bike,14.707790172672459
9.510756700025746,20,1,car,31.620969320779007
1.9232528259685697,3,1,bike,4.758475795815509
3.2320492018712716,15,1,car,2.6160527472154977
13.138616616452039,21,4,scooter,29.32496958423562
7.056020579835302,11,4,bike,20.309935013647724
20.969265530683764,15,5,car,34.993687527701034
0.8599880220463691,18,3,scooter,2.0
9.787804192462437,7,3,bike,21.157129983679816
8.76496589584277,5,3,bike,15.662856273878248
0.9735269574812253,9,4,scooter,3.077380277556786
3.5470257755125005,4,5,bike,4.717150232288887
10.634245535506563,17,3,bike,53.31165271130503
12.575182318962442,9,0,bike,62.19588831395331
10.405098807744293,9,2,scooter,38.996700237875594
13.507973121096299,6,6,scooter,20.068638269702443
15.080726035189198,17,1,bike,68.67026605029777
0.7431336176319729,0,1,van,2.0
11.870331406610845,6,0,car,22.886808474889108
24.105731401745913,20,3,bike,116.13749764339818
13.216290863173944,0,5,bike,23.994335519902528
17.099785552744354,14,5,van,26.762895989416464
8.14066451896364,3,4,scooter,13.34427257189993
19.462788764742683,19,3,bike,94.20315950618506
19.43657630596482,9,5,scooter,71.20643772795671
13.271753167526404,22,3,car,21.52429953214722
24.412338670340734,8,1,bike,115.73974930624485
3.575980261685008,1,6,car,8.620001662791566
0.9152177897947343,13,6,car,2.0
19.36887618804885,15,6,scooter,34.2168142102908
20.275310665439623,0,1,car,28.165569542055565
3.445077113454118,1,4,bike,2.0
7.0067794074858485,6,6,scooter,12.309009724523477
0.9300329024824083,9,1,scooter,2.0
7.686060964123835,21,3,scooter,15.109233842332904
19.441975911007454,19,6,bike,80.26542557778471
13.190032928958184,0,0,bike,22.831723385078604
9.028342032623058,12,4,bike,23.548038929001464
9.607612725205092,0,0,bike,18.02932165121843
0.5331638300289698,4,3,bike,2.0
7.845112925348279,15,4,car,10.164233779202647
16.3382391701293,14,0,bike,41.732225982621244
24.36776387350075,16,4,scooter,48.622192102384716
21.252990261105538,22,3,bike,46.734874077469996
1.0780766338154635,15,5,bike,2.0
22.514734814533565,12,6,bike,46.51492586876993
19.688361125816336,10,4,bike,90.8023677385361
19.61921502748902,16,6,scooter,32.2096072461918
11.720896095587502,16,6,bike,27.214564207048408
10.251129677385318,1,5,van,22.162333912624035
7.92143535641322,12,3,van,17.882491114971028
2.1095240443819616,13,4,scooter,2.0
6.091766405595628,10,4,car,20.23308100205887
6.541789056961603,9,5,bike,27.670948427042667
12.359888207899939,2,1,scooter,21.374243579489484
18.812387961619002,16,5,car,30.473287664530964
12.108340795749692,14,5,bike,29.36233916215512
1.9171890114554349,8,5,bike,7.997527830783486
23.965850124210995,9,3,bike,115.0891161017234
23.59674581780575,7,2,scooter,41.529680810837085
19.737143807136004,20,5,scooter,65.61259751958102
24.787533588323402,12,4,bike,55.40332526826836
13.839817153606441,17,0,scooter,52.837343962857034
24.08782458120355,4,1,scooter,33.602576018217036
2.3523234951103937,5,5,car,2.0
9.459178332403598,16,5,bike,23.00872861218911
6.021841066165763,10,1,car,14.875533655162146
5.297910561289616,19,5,scooter,17.832460731222344
3.949672247870564,15,4,car,9.363338486038671
15.749134218366919,8,2,car,53.092552938838836
19.642385465808974,1,5,scooter,30.258764034003082
14.668310785798836,4,1,bike,25.28124426583335
4.1005863849111375,0,5,scooter,10.737964016101017
20.372532363370038,3,3,van,28.8752460324485
16.080890325511348,3,4,scooter,28.72675803044073
10.01005980011139,21,4,bike,21.341428655124346
17.016192240633544,2,2,bike,35.74920402441699
6.867671991449405,8,3,van,28.028667626544717
8.957209108108158,21,3,bike,24.811075156168815
22.978403156733762,22,2,bike,58.9695699956214
7.617360388949799,11,6,bike,14.163242267623865
12.014712569869447,9,6,van,47.84101675299438
22.30845786620236,1,0,bike,41.10094711511935
17.839173081554424,10,6,scooter,57.66149099345233
2.0239790410352176,9,5,scooter,8.564856216234283
4.1089245848347735,21,3,bike,6.811705590868065
0.692118973911962,5,0,car,2.0
15.957583860614504,17,0,scooter,61.15198253061245
11.46799892255525,1,4,scooter,18.77772710850398
3.7897338471057505,1,5,car,2.0
23.969385965890876,9,4,van,99.04687669747737
13.476663236667687,15,1,scooter,23.823211289945586
6.426385705765785,11,6,bike,11.282249488220646
12.764787493290335,0,4,car,18.32269318388082
17.15069815201014,20,3,scooter,71.33000933669699
2.36786084035233,7,3,van,7.7582301649352665
7.230243468673354,15,5,van,13.36823573563705
20.270654526657843,17,0,bike,97.11746835032747
11.7617893248652,12,3,van,24.652660900526936
13.891139979791225,14,6,bike,30.322661237679668
11.103992054131997,20,4,scooter,47.774748884214894
1.5755485947536254,11,6,bike,2.8348080001101708
4.560869605593821,7,4,car,9.416540839496447
11.415770149176327,9,5,scooter,35.985735232333994
5.625043902494231,13,6,scooter,12.340709578661299
1.724486202162129,4,4,van,3.490763950654277
21.16941676926968,17,6,scooter,70.53500666608687
24.539216964520836,18,2,scooter,101.3647215085854
19.932000412920118,14,5,car,25.988644680109946
21.417730581764342,5,5,car,17.734524747180593
6.428439692767611,10,3,van,30.090805870732133
24.035360900073393,20,5,van,90.7288802741541
5.324679759108996,10,1,bike,21.92540778861657
23.810030353864892,19,3,scooter,96.30618005917813
24.8730727021658,19,3,bike,122.90038372533422
17.937208740778193,20,6,scooter,63.173823911571965
24.538021428899636,17,2,bike,125.09815427794604
14.45372459939404,17,3,car,47.00258443631502
6.858773687814213,9,0,bike,26.215140857538472
11.206399198807711,1,4,bike,16.455834014855387
15.042242916780255,8,4,bike,65.31962147233412
2.2904982696618674,13,5,bike,11.196863873393218
15.747409983122528,18,6,scooter,54.75877832721551
24.538857000676217,9,2,bike,123.60381976492918
5.157637419701327,22,4,bike,11.314669309195205
19.91858034906539,3,0,bike,34.05749864485819
22.743520447600673,5,2,car,24.801230900614378
23.62068902409541,13,1,car,39.3023494644449
24.023322307933455,3,4,bike,46.883374822689255
13.275761148676063,14,3,car,22.08461098603618
24.44404374579184,15,0,scooter,44.09556476732527
19.05410007479375,6,6,bike,41.72445226210497
4.460950187805567,16,6,scooter,10.274567102665138
12.184052608465265,18,0,bike,56.89388838885205
18.0991137966141,18,4,car,60.088940314713064
6.559837737567542,16,5,bike,8.562058991441367
16.19507199694774,5,1,van,28.579377612138334
16.83171173664217,10,3,bike,79.40522928464708
4.486143723309864,15,1,scooter,2.0
14.34459015509253,7,1,van,26.283146313725148
19.404859318975888,10,4,bike,94.82997988727611
12.722943781130578,6,3,scooter,24.420146445646168
0.7965263610146319,23,4,bike,2.0
0.7214424924426583,21,4,scooter,2.0
9.247218927265298,18,5,bike,36.076945513865404
23.191754676578658,9,0,bike,109.39210000349681
6.102581100288415,8,6,scooter,20.41778078254595
16.041910377356334,3,5,scooter,26.517224983832342
5.940858831986354,22,6,scooter,15.374214411236029
8.380914746658942,14,5,bike,11.57706596560496
21.277031195236358,12,4,bike,50.87104743332739
18.3571053356137,1,5,scooter,20.201380694219747
2.8372822941736606,1,6,scooter,2.0
11.003199514167624,15,5,bike,17.3865315706648
1.2146592093089794,8,2,bike,3.2271660083218783
12.28180859177372,12,3,bike,25.89670655546243
16.72963328667617,2,0,bike,33.96209856897151
3.403314278154713,8,6,bike,11.679347125021797
7.5776810032745585,12,3,bike,12.348957806320442
10.246997324802845,20,0,scooter,40.97951728994348
23.02851010407322,21,2,scooter,45.526236585472454
24.83474787786262,1,4,bike,45.05811770071383
1.6003268253925884,7,6,bike,5.169808515280264
19.144694125637105,8,0,bike,95.59021332369483
9.607239626857409,15,0,scooter,18.379987014639934
10.11522556262226,1,0,van,17.47049877262302
18.979491847002055,5,2,scooter,28.44107039220772
23.001447587562513,21,3,car,40.95052970866943
23.797750565312437,7,2,car,36.38706459823501
14.639503357938858,4,0,bike,28.878808690806345
9.24946840286232,8,5,bike,39.455540256258864
19.794952603540093,0,0,scooter,27.575223283005833
6.6495338899263565,8,5,bike,34.379619595653025
14.319813706421185,9,4,scooter,53.200958233634154
9.285172307359392,22,2,car,16.906758494288816
16.587461305842965,3,5,car,16.148871459112947
6.389773365890919,2,2,bike,13.53051255193012
5.194027170503231,9,1,scooter,26.775030097437675
22.99685762354821,14,3,scooter,48.320377898366615
2.994190232263654,10,1,car,9.917656941302829
12.895968739505825,13,5,car,22.009620886379295
5.9108931825937185,5,1,van,7.9718839234316
1.4537841014788526,11,6,bike,4.5009174399219685
1.3824610481399466,12,3,scooter,3.0281727049261544
4.79293341659277,16,5,bike,6.352896246835054
21.735873685397006,15,4,bike,57.29192472520337
7.420729227437153,2,4,van,15.96343790314755
23.786249679094745,1,3,van,36.63967394842011
14.749746178235242,10,3,bike,73.87578530067702
11.197047649334769,8,5,bike,43.20306748398257
14.712176449401637,2,2,bike,28.54971391570318
13.15911043804356,17,6,car,39.374684393797494
19.090018217054467,19,5,bike,84.71526047872807
7.42115361633488,14,2,bike,18.806470179388928
9.149734594207409,13,2,bike,17.32388243974285
22.405310412064644,1,2,scooter,37.52751076062088
23.688184572184934,16,5,van,42.81773184150163
22.367676573418624,21,0,bike,52.21922405225547
10.776475851954183,7,0,scooter,21.640546154508158
19.618954823668602,9,4,bike,92.4469287319924
12.170225465876921,17,0,scooter,54.06534844358303
12.689726377579504,18,0,scooter,53.17446839698481
5.514662671903457,7,2,bike,9.803564766072428
14.982692429833653,7,2,bike,33.77580609814388
5.060329494957024,2,3,car,2.744109195809776
8.623335127146248,2,2,bike,18.823183369159068
21.44823993968841,11,5,scooter,37.10061241745916
5.5733573256659525,21,3,bike,10.44614651321039
2.243377986749104,16,6,bike,9.397296237503804
2.1906860190139996,3,3,scooter,4.88492234990089
23.549220752326143,16,0,car,40.92667003918823
12.919550730064948,13,2,scooter,26.25417750720412
10.530595759516949,18,0,bike,46.472900295928525
20.366525234694002,8,2,scooter,83.14416460398108
20.977735233807643,20,0,scooter,82.65431681175674
8.638680311332314,11,6,scooter,17.635743221031106
17.493642408107984,4,0,scooter,28.83099340982285
19.392508988371223,10,0,bike,92.90081570061697
16.538941828215886,19,5,scooter,57.1313046218649
4.214079332602434,2,6,scooter,10.614356340539857
21.959135546167897,20,4,bike,101.39327648531102
13.707816542032214,14,6,scooter,22.119483683289506
7.420574446065091,13,0,bike,21.2189777610747
10.918090543223501,10,1,bike,56.86236055529091
1.4204917147732308,19,1,van,5.67416698021999
3.63273662994923,7,1,bike,6.620610777682016
19.255895387638592,3,5,bike,28.875310536722672
0.5002850515064705,11,3,scooter,2.0
10.705862797816158,7,0,van,28.946384234658844
13.301499436596917,5,6,van,18.621519185704763
1.8385432900238212,14,1,scooter,5.071711858484807
24.340414992822154,11,5,bike,52.222467654772
6.040070615616963,15,3,van,17.394509801957298
7.952868631088881,15,1,scooter,14.647970401179014
7.946591550248169,20,2,bike,37.09736600340394
6.145208221875072,19,4,car,23.56203797224314
0.5361086411146296,19,0,bike,2.0
18.36894745515591,3,4,bike,38.38283882720003
24.18771474508249,10,4,car,88.14370795427273
5.995190340483604,12,2,scooter,12.727733240093926
16.74465619918385,8,2,bike,77.56111856630307
18.67646001048852,3,2,bike,37.0389871101778
21.286421787717856,11,3,scooter,41.99973984387532
10.854415326833424,8,1,bike,52.52783215677464
7.921807188190517,12,6,bike,17.187894134310472
8.469730783564263,15,0,scooter,14.964455681044058
17.959222660913564,5,2,car,24.724279889487253
20.51109692938808,9,5,scooter,66.95311540509256
4.949542210036765,12,0,car,2.0
9.588054699865248,6,6,car,15.385898439293186
22.597534820354177,18,0,scooter,93.52104312996944
20.26399123252111,23,0,bike,35.869835094497176
24.629030867680658,18,2,car,82.73328738378748
18.979082362210978,16,2,scooter,39.90074326727694
10.133282425184095,12,1,bike,24.2577606535347
14.970626932868624,12,6,bike,29.544764104255243
16.694849229059347,20,2,car,58.15533749035126
2.422167499769537,1,2,bike,4.4907915129032885
13.840175498044694,9,0,bike,62.68496275921454
17.878360297578936,21,1,scooter,35.43024466151276
4.599371948025979,12,4,car,8.433447868650259
19.62547707692615,8,2,scooter,76.90055828104653
14.802433122595735,0,5,bike,26.540361031732772
23.829433749591068,13,2,bike,58.64062854221806
1.5393463060688466,15,4,scooter,2.2474712974631657
7.000490370108941,19,0,bike,34.00330318994031
15.23807004284569,14,6,scooter,25.37163935085354
7.765717849045302,0,1,bike,13.66380275691759
18.003392019745434,16,0,van,38.01616404352284
19.095629421787308,23,6,scooter,20.23558591859747
3.011641119628624,12,3,bike,7.310141910566934
13.08943437306581,14,2,car,23.39405399286024
12.967818611980869,15,6,bike,34.447754097203465
9.547378870280756,15,5,bike,21.244613885012207
23.356659132956967,1,6,car,24.823851814778955
20.77390483689392,16,3,bike,44.93493338981697
17.5816298567861,10,2,scooter,67.15760916973782
18.00100257550744,7,3,bike,41.70453345575874
11.812045523421418,19,4,bike,55.25344088572597
23.064365766866107,2,2,bike,41.86808656537582
17.51758796770549,11,5,car,24.906251878948297
18.3600360105675,19,2,scooter,72.74744381785352
21.61142714278996,15,3,bike,50.60049656605309
7.214753938883679,13,1,bike,17.370656668019755
20.273237144734225,15,3,van,40.73245163994592
5.283394772434055,20,2,van,18.86680998856156
8.960877829999752,16,2,scooter,17.207571194101504
8.722456129611146,10,6,car,27.3067230779614
24.473873975533945,16,1,car,38.59809722309586
21.48516198182421,18,0,bike,101.40497960533266
17.678661608961363,21,1,bike,41.99035212531126
18.312890659577057,0,0,bike,33.29753170614734
14.270783462862992,11,5,car,23.531759131986867
23.70372134415872,14,2,car,43.45443748220827
12.658339445617857,17,6,scooter,44.69506645111022
9.822683891812416,22,4,bike,27.20269624339668
4.4943657548239795,13,4,scooter,7.881664665545097
19.76203848039592,0,3,car,28.58042587082567
18.49387633585199,12,1,car,29.864749541880727
9.916698443841305,14,1,bike,24.68811654090201
1.1172386420011193,6,4,scooter,4.16684590588279
21.05543452909126,14,0,bike,50.70148070167189
0.7797405946248039,19,1,car,2.0
17.740644600911747,9,0,scooter,65.94490929005158
24.2712991882884,13,0,bike,59.92185003353707
11.222702539630985,5,0,car,13.980098295471176
6.256848422400843,13,0,bike,14.407706986917383
17.76933974606285,23,6,car,24.87606281707309
20.519639479381837,21,3,bike,46.40844847040786
13.88754274390726,11,3,scooter,29.996143128996476
24.192364243775582,10,6,van,87.94474277619342
1.765883680620047,19,4,bike,7.944320219396258
12.867492158460939,21,3,scooter,22.47727987884044
18.10212170940248,23,5,scooter,21.982810285486163
21.634691543154883,18,6,bike,91.54105184875294
4.891762491740856,1,1,scooter,11.407774886654
20.100085303210193,21,5,car,31.233369998023093
14.041323355104359,19,6,van,53.24542287339333
10.215565208754098,0,3,car,21.118285617617374
3.7270182001877923,7,1,scooter,9.13573293376308
21.699746093268356,13,1,car,34.398701649527645
4.353193600403026,8,0,car,9.875397223342539
8.089802550622931,1,4,scooter,13.58329931299304
7.606115533079704,22,0,bike,14.035114358392493
21.84964383767593,4,6,scooter,26.225923038486282
16.981223358118,22,0,car,30.020573169161455
20.018694231188622,7,5,scooter,37.93488786478315
6.636463520416225,15,3,car,10.519709801065344
15.809415440371474,21,5,bike,29.375154236568456
14.507776587021842,15,3,van,30.648741370656627
20.904344231312642,12,5,scooter,35.53911680771965
22.699132981790882,19,1,scooter,91.14961253085758
0.7978409011959768,14,3,bike,2.0
17.01348801694042,0,3,bike,28.898068498034377
1.769977078433361,21,5,car,5.709148738099307
13.94703729439522,2,2,van,25.27337341287654
7.547001861570116,5,1,bike,17.425188180782467
8.01602668829246,21,6,bike,11.177617619356582
9.147483334582736,13,1,bike,19.29556825401115
15.721665001715447,3,6,bike,28.211521143346197
8.684224158884845,17,2,bike,43.46127164342751
18.45112673946187,14,5,car,28.726702048008747
10.410920946559807,8,5,van,37.7112987083594
2.1746534075939863,17,1,bike,8.577822529796114
19.70211614086063,2,5,scooter,26.45403890553128
7.501078952521297,9,4,bike,34.65964223727921
11.102788550181934,16,4,bike,28.231027085926776
17.293375138936586,6,6,bike,36.20191326883395
8.645175850143444,14,2,scooter,14.376885107360296
1.8863485755945328,0,3,bike,5.387311698475866
9.661065651813933,10,4,scooter,42.40710033613236
23.638990276010436,16,6,bike,53.296647001003315
16.222492733814676,4,5,bike,28.06305993604655
16.95123914234657,6,2,bike,42.744212731548586
15.990912764122177,18,6,car,44.191129535434875
5.375307404506201,23,6,car,4.1497466962718335
10.749179670505864,14,4,car,17.922129253999863
18.898025059901297,2,0,bike,36.66638411126776
2.983635990052399,14,2,bike,5.359702413467282
7.307393014197951,4,1,bike,12.569684762190843
7.269818157413414,22,6,bike,16.85063434888381
11.084463726065398,11,4,car,19.41326499492497
24.519034153083535,19,1,bike,118.69296943312544
2.1538123937536375,4,2,bike,2.0
13.208174362324579,2,4,scooter,19.358864553261178
4.894434709299156,8,1,scooter,18.16911926208271
24.28157536253873,8,3,van,104.06108660030333
3.275935865822873,6,6,bike,5.537354413846761
10.388224557858985,1,3,scooter,14.275404303781755
18.578182128447853,22,0,bike,44.96271984434925
17.76158348667241,22,5,van,39.38630734769847
10.85685160390134,20,2,scooter,45.17811053069975
8.989842114841597,15,5,scooter,10.293865050313158
10.241503274545328,8,5,bike,43.801029934442965
6.974768447386662,12,1,car,10.41204092479283
5.530656998316595,18,0,bike,23.723935376298886
12.334472590192805,19,2,scooter,51.449449852618024
7.07907702365638,16,3,car,12.367106296148684
7.542810789982628,5,5,van,18.270597356525574
16.590523555126648,3,1,scooter,25.181060227691923
24.22916462664736,0,5,car,27.104406830547692
15.28911141370469,17,4,bike,76.97918085089442
2.3859969430916736,18,3,car,8.246474599294729
2.351798539424641,8,5,scooter,5.008448365990439
23.809868910716368,12,4,scooter,44.977450478725686
7.7836243625296735,7,4,car,12.358041978021946
2.755641159020648,22,1,car,6.696871108292437
15.176592385184348,12,1,bike,40.24020426916785
15.77939506811152,14,4,car,29.45623919571116
16.38836809290786,10,0,bike,80.36826288372292
7.051349682509762,11,5,car,13.801955476562624
0.8702117632546383,13,4,scooter,3.6039414233450975
24.14287655163456,3,4,bike,41.861779559094856
6.646879619432011,0,1,scooter,9.56369445389906
17.062644057287415,23,5,scooter,21.280542510179234
17.812431812028386,3,2,scooter,31.19057058310221
15.4451817184474,18,3,bike,71.27305494445295
8.166231158234382,8,1,bike,36.392376270179966
7.141858217219611,9,5,car,21.802285246294897
15.142872926216226,3,5,bike,30.096690849062913
21.71934302348644,19,6,scooter,77.75021313806192
23.69497635862319,8,0,scooter,97.90493400440177
3.094692207892062,12,3,bike,4.106857320987169
4.2933010086441366,11,1,scooter,10.593006552317785
23.646038340185452,10,1,scooter,91.25058606166641
18.545113094202417,11,2,scooter,39.283032884713265
22.13334870832944,17,6,bike,87.6701498071133
5.464499536315907,11,6,scooter,8.486115315905064
14.895853842180346,15,0,bike,29.590695305130563
17.677920063228104,4,6,car,17.616770304997992
17.16274119345083,19,0,bike,78.10733796631625
10.499716426234103,11,5,van,21.5182379108065
0.8771748464370577,20,5,scooter,3.3342085932645493
14.781688391704446,10,1,car,49.27747103288795
6.7009877099004145,8,2,scooter,27.155318385570958
11.531229030500814,17,1,bike,52.85708190898352
23.960734869553523,2,6,van,35.309683695210374
10.27636528223965,19,4,bike,49.09338315638902
21.075139363278453,16,5,bike,50.82558194583237
5.119244840856653,13,4,bike,17.18672918550885
16.975282201613208,0,6,van,27.153187824448832
24.436670383754116,16,2,scooter,49.75030964877043
2.9963809713869516,7,1,scooter,7.253833875106855
0.7038385845662043,4,5,car,4.529744893769382
11.12277841949905,4,2,scooter,17.97639389236857
2.769324334758496,8,1,car,10.543822103289031
18.835416567067668,2,1,bike,33.04364013441701
22.906442264289694,18,4,car,76.47442204844488
11.133513831364592,22,3,bike,26.39873818133648
6.838435232808304,8,6,bike,20.698808036799903
11.14288131566194,21,0,scooter,22.19855905237743
18.224471537325023,17,5,scooter,62.66299838267507
0.721826958719089,15,0,scooter,4.080743614818863
14.941622742375081,0,2,bike,31.25844016041232
15.525646279740787,1,0,bike,36.3770238277989
16.12336204895042,13,4,scooter,33.98534443762654
6.429540959531492,13,3,scooter,13.315162259863992
17.994291722764107,0,5,bike,27.188714646829087
2.739091415128522,15,6,scooter,2.0
5.38212324343662,14,1,bike,15.659722767444675
21.998016143034807,14,1,bike,52.71288335223562
18.598717192800876,11,6,bike,40.08946293796859
0.8367660732779587,15,4,van,2.0
6.585218379060105,13,5,scooter,11.586553450706223
5.752958833332531,23,0,bike,11.278503739612814
7.134755036905828,14,6,scooter,13.674518340449406
6.565214371857217,22,1,car,14.076813879359833
2.0318942456997204,14,0,scooter,2.0
11.744042656622097,18,4,car,42.02353165999401
18.451970132261046,7,1,bike,40.42030862270718
15.364927255577193,1,2,car,22.36571004359028
16.985355880652953,1,3,scooter,27.092001689412637
2.488154874137859,9,0,bike,11.713327353430644
23.811522399331288,2,6,scooter,31.742330826623785
21.043049929154108,22,5,van,39.62139770165449
20.224712803143735,16,0,car,37.94388762772859
20.663103223523304,7,0,scooter,44.33356252272187
23.351407449252655,22,0,bike,58.69957600709394
13.834222169785594,3,6,scooter,14.468114031561676
5.406909437756834,13,4,bike,14.70520852441537
15.611198392387259,20,4,bike,67.74046024260221
18.700596594864503,9,5,scooter,58.65345760169497
18.578976137173623,0,4,car,27.871560347252878
13.275501092088563,3,6,scooter,13.419079183727211
2.1772386236726624,0,5,bike,2.9578615263662917
9.592266991538132,16,5,scooter,20.89522783657081
23.058781907352255,16,4,van,51.16297749121113
14.818998289056937,6,1,car,26.513997664945983
13.689132609764979,22,4,scooter,27.215002593845647
7.086911102363741,19,1,van,30.750151842626913
9.526998537956183,14,2,car,14.456453042228166
22.43597918425265,12,4,bike,52.40760379551394
16.828344664407474,1,2,bike,31.327103637787182
19.790982155432154,18,4,van,85.51571059281314
11.63146286515755,23,2,scooter,17.421034655004696
15.94105687667587,12,3,bike,31.54954500593106
6.585398414208584,23,2,scooter,14.826005369502035
17.783790341945412,10,1,scooter,73.94702103267745
10.976232675731763,21,0,van,22.908349922739372
11.342365112961266,14,5,bike,26.57630721916129
16.4083969521336,9,2,scooter,64.55800905026736
23.438875225988703,8,0,car,81.31447654220949
2.0681554919112126,8,6,bike,2.862660090125112
20.706209315001686,19,3,bike,100.16000588711033
7.663386205098731,0,3,van,11.787940366003655
11.376026635406257,16,6,scooter,20.438562690375147
1.0368765549877195,11,6,scooter,6.932928667847515
7.875628906940669,9,6,scooter,27.339230679779046
12.814465444438197,4,1,bike,22.284929959082362
1.8763138950122558,17,6,van,5.653252642314302
12.531845369887547,14,1,bike,25.828004917563618
23.21421040703147,5,2,bike,44.06974362832514
3.0821338436412278,6,4,bike,9.000412357376653
19.228797837849857,16,6,bike,40.325916691509825
10.536940807711819,5,6,car,14.842214719489501
16.551756005846283,7,3,car,31.1626610483223
6.87579665063812,11,0,van,14.943351391459467
4.407560432263278,20,4,scooter,19.386729108203724
4.431334049645048,13,3,car,14.11461542859113
2.227052668257044,11,2,scooter,2.0
5.048344270080454,22,6,car,9.844975732391804
16.77337493222972,9,3,car,57.76918715224868
22.101419990165947,21,1,bike,56.18064766572789
20.446079296983466,19,0,bike,95.76071439387957
17.28579059192486,14,0,bike,42.08673364621821
3.2055806535720155,6,1,scooter,4.372360930347632
7.585092434250771,8,6,van,22.96646307875167
8.09026844540049,9,6,bike,37.98123998665304
6.62394518674172,9,4,bike,30.491546356504234
13.117638662888217,15,1,bike,28.954883200109172
13.621068464551978,6,6,car,18.574011960417398
9.2437063916922,4,0,bike,22.53862206899205
9.167834389042682,22,6,bike,23.06445498088114
20.799612148698994,2,2,bike,37.7446904460497
19.8376747838323,17,6,scooter,71.58473049355494
8.040997876178269,10,4,scooter,28.937832865839873
22.887816874894853,14,5,car,35.68911364204579
23.843967916561397,20,3,bike,113.15935330686983
8.505192279736,19,5,scooter,30.89157207252783
9.183411245429845,4,2,bike,12.832658812848244
12.888036758837991,23,5,bike,18.904407291453452
23.557459907075,11,6,scooter,41.515221286995285
21.96982611198663,3,4,bike,41.07368204388823
3.0129150832979503,14,0,scooter,2.0
10.121903210149696,8,0,bike,45.66959857587244
14.057594148869411,6,2,bike,35.00847408921814
12.826745577512732,9,5,car,39.159286953180704
5.24964516445387,22,4,scooter,12.46573715064095
21.54101089361979,12,3,car,37.498052360541216
17.085049183422516,7,6,car,22.30881701428068
21.028755183869187,11,5,scooter,35.51022010387921
21.539724844062068,21,5,car,33.70197378069744
18.834718414810624,23,3,scooter,25.971459048039307
11.260659730618075,18,1,bike,50.67307930720821
15.458395497877902,0,6,bike,23.907229554972652
4.428952449933707,15,2,scooter,9.672254631533338
17.00431272813524,21,6,bike,29.958765782076057
4.891704765612379,16,4,bike,11.012619107594677
17.501764967498843,17,2,bike,85.56414795001551
6.125154938472233,10,3,bike,31.546823219228568
3.3800068536803893,17,4,bike,13.212723512816995
4.549470008502457,6,0,bike,12.034547552387204
0.5488073128672215,17,0,bike,5.615355648429039
18.10912063741149,7,6,bike,39.61306293224996
18.443825701930287,5,4,scooter,27.13942925912749
13.115867072874856,6,2,bike,24.322474263520313
4.453388625856901,22,2,car,8.262386720245404
2.547081269011899,21,0,car,9.10211675514191
0.9686596777135317,9,0,scooter,6.346824148441487
4.560830335647907,10,3,car,17.900879770083115
22.325960607087094,12,4,bike,54.08774130669046
6.417652621691204,8,2,bike,33.495079875794595
9.179647516821783,6,3,van,20.580419431714304
3.080964369792663,8,2,bike,9.549777196162331
5.947851966330172,12,0,van,15.420134109994752
13.221001984115025,2,4,scooter,17.75660736380513
15.389940735843489,2,1,bike,28.61389724048563
6.511131697072171,0,4,scooter,12.234715991020572
1.9144379010153716,20,5,scooter,4.4113901938957
10.080305293621267,19,1,bike,45.42909504602024
6.237982587695186,1,6,bike,11.445662376712257
5.879071119130147,2,6,car,3.400791104377457
24.016638666479654,14,3,scooter,47.45488863943842
15.59936190518024,23,1,bike,32.183942358611965
14.14352185771635,5,1,bike,30.990594154677183
10.686490036321388,12,3,car,12.97480739523105
11.009136169038534,20,4,scooter,43.380419581149575
13.75217259403298,0,3,scooter,24.967336495449597
17.562530272384627,19,5,van,64.25606851515097
17.70257935645482,18,0,bike,87.34803991066785
4.7065007387835145,0,6,scooter,8.898214153050963
12.75276242587736,20,0,car,41.89082083403116
10.592973328335498,21,6,car,17.076623168936596
21.827910673599913,1,1,bike,41.766061493442436
15.969763569850222,14,3,bike,41.057992410769906
13.546349627191555,13,3,car,18.346864365447985
3.3271687333834756,18,3,bike,19.84890994624526
15.338128288423581,10,5,van,59.22130431269061
3.3714956891657186,14,5,bike,3.6450080579128503
8.761561101360925,5,4,bike,15.791784127154047
3.999628137951131,19,2,bike,21.71172594580213
17.45580435209704,8,6,car,48.810828779632274
5.553176788985739,4,2,car,4.549213174736827
10.100554643106637,19,2,scooter,40.45804266816393
22.444032051660077,1,6,van,30.86142540990758
5.505751393274772,5,4,bike,10.91706245175562
12.941224066990088,17,3,bike,64.58674891485525
10.77215569856754,22,2,car,19.283279049024497
0.9440390056203785,18,3,car,3.2058090660986287
19.922573782533913,8,1,car,70.78859671085026
2.191624704707693,20,2,car,7.199441080930473
12.119248013935364,23,1,bike,20.136783212617733
14.236618226004273,5,4,bike,29.748832861238448
15.896448187057382,13,0,van,26.807823256757537
17.371474918042953,23,5,bike,28.079407459298142
6.705173396306519,12,6,bike,12.903132784513597
0.7444800281320096,10,4,scooter,2.0
18.224369727695343,11,4,bike,44.63422960007139
13.623586684015676,18,4,car,48.08857795709931
20.984883728577596,18,2,bike,98.24038533069545
20.62401489106701,20,1,car,66.52298841102942
21.161491110803137,18,5,scooter,69.6872966325015
12.384819169498734,23,2,scooter,24.49328030295997
8.673895698003209,12,0,scooter,23.118888801896865
19.893175963488567,13,6,bike,41.60484463928886
11.556705769216746,23,6,scooter,11.345755804956456
4.994333811884146,17,5,scooter,16.935542723685334
21.44686347925612,11,6,scooter,30.696874330361098
22.122716980922508,3,6,bike,36.45876524003136
11.924589025434168,9,4,bike,54.255843595494866
2.354643319089793,16,3,bike,2.0205444290372654
10.001739202964815,3,0,scooter,18.320189981888618
20.18667265683378,11,1,bike,47.98527705732843
22.593463699382603,12,0,car,41.32869101222264
5.485082191191098,3,2,scooter,12.059319456030536
2.140853494619152,9,6,car,6.1144339187468155
21.99508610175455,2,3,car,28.989034481474278
10.040421004982445,14,2,bike,27.271830035896645
13.7731436245553,1,5,car,14.177046849676309
24.217612395243595,16,4,scooter,51.899125764203475
2.13083583389846,5,6,car,2.0
16.383791182576342,7,4,car,27.022071996527405
2.3155828530842433,2,0,bike,4.836651257317785
9.69898874742926,17,4,bike,42.940142554984334
20.193456357239445,21,4,scooter,41.49552956416715
11.120069702513042,0,5,scooter,15.392971344068153
24.930967670622284,15,1,bike,57.637744878550585
14.196952481191753,6,1,bike,31.761342827297913
8.36847273958086,2,2,bike,12.833363647276553
5.892727484666452,22,6,scooter,5.548636224096182
9.087753090010965,3,2,van,19.810074093776997
9.627065207108995,8,1,car,32.37591741895542
2.183485104237044,4,0,scooter,2.0
9.554567885955942,18,1,bike,45.49499620603019
11.873843733611011,14,2,bike,29.21688501914386
18.207074929850712,7,3,scooter,33.959931194249506
16.589872375679395,5,6,car,17.92924481702757
17.864758553114278,17,4,bike,89.66279903128125
0.7049102059829989,18,5,scooter,2.0
5.832851289723133,23,3,car,5.946810648930426
16.711265065796486,14,3,van,29.793593868317178
12.357739520403804,6,4,bike,35.1284176788329
0.6301801538744757,9,1,bike,4.9993344214594035
20.21011873957965,5,6,bike,32.295642333809425
19.433834545613266,13,0,scooter,36.7134588017707
13.936269493342284,16,3,van,27.559406923460212
2.128351481518667,8,0,bike,9.40884318627709
19.279618713548324,18,5,bike,81.95990218868948
14.800982899418416,4,5,car,13.78123340205564
19.65801944037,22,5,car,27.914529499248715
18.91780131369809,6,2,van,43.109927432945625
20.17355076296701,18,3,bike,101.66044322270389
13.191197626913308,19,5,scooter,47.51300330199919
3.9379506957411174,6,2,bike,7.4644048894181445
16.943358097802374,23,5,bike,26.73500848755628
15.70160773377328,1,1,scooter,25.393180992049686
18.685203086377637,22,3,bike,43.9700665543372
4.662084648243015,15,2,bike,13.324507805014882
5.276892397557086,12,5,car,5.6760382210900735
22.315033171873548,7,6,bike,51.41034976739135
18.874456062075733,5,2,car,24.626857850122054
22.75159797315791,5,5,bike,34.630961523316344
19.088525368516056,8,1,car,67.22118769790123
15.130304996762396,3,0,bike,24.995433027930197
16.526252057182905,10,5,car,49.714570664040586
22.283634136530242,4,0,bike,45.343227934574095
14.680765485542542,16,3,scooter,25.711911315970312
15.993587446045492,19,1,car,58.409294464414415
4.333679542088214,6,6,bike,5.171062129820572
12.111069892844517,14,3,bike,31.5279935080081
18.051729242973426,14,6,car,24.069504330965124
7.138096108750952,13,0,car,15.81220375189624
5.455227422851106,12,1,bike,11.364265975225658
8.188756801498181,10,4,bike,38.23648672313193
6.416765385824419,12,1,bike,12.584912714668263
5.765359607391698,21,1,bike,6.600901530855383
10.90884565026813,23,6,van,12.209159711961025
22.742043590146586,8,4,scooter,85.91454091602384
12.922961345098598,9,2,scooter,45.566188342174456
5.104049329975414,3,2,van,9.295087671191794
2.385805899831415,16,2,scooter,9.3462129328923
17.555825555879167,13,0,scooter,40.50370672960845
9.878569728691502,23,1,bike,14.749567635279156
20.6348581913413,17,5,bike,85.79835194755485
16.65801383169887,10,4,scooter,70.12641730127397
20.00791553826353,15,5,bike,37.820850881825024
7.162677965751994,0,0,bike,16.83421865958016
17.462793600295925,6,4,bike,45.57084131706031
6.96951862499611,9,5,bike,23.251825638685766
23.507177746532143,8,6,scooter,74.69584936878351
16.091169897567674,2,0,scooter,23.554898586299117
8.450539104295881,21,0,bike,23.095518361229317
7.10304062616068,22,0,bike,12.488116109423387
5.177701334255266,13,4,scooter,4.240486438908121
17.518703492896332,14,5,bike,36.753873048337965
5.858532518449219,1,5,scooter,9.735779624121266
15.084930015223481,23,3,car,17.851665738957642
6.983558159671255,13,0,bike,14.965177429774492
16.71823914744978,15,2,car,30.5399032144893
20.466023349243212,6,1,car,32.47484927291041
19.561618457044002,3,6,bike,29.018667690260102
19.14085760780415,17,6,bike,80.72413595163317
5.099198939460176,23,3,van,9.572266813585395
2.6654312011207084,4,3,bike,4.249018588856617
17.624246297940946,5,4,car,27.694216117628475
9.524506737961607,6,3,scooter,21.29833255312436
11.092482546882009,14,5,bike,22.096715133974932
1.263152773438081,0,4,bike,2.0
6.859623007238705,23,4,scooter,13.52753400169221
1.3250718949243685,3,6,scooter,4.852099192561531
22.040051428730568,0,6,scooter,29.18793981568911
6.463218738853997,10,2,van,28.530155004974095
14.154760654538697,17,0,car,50.634338586803416
1.454993356197695,13,3,bike,8.301294864445403
16.83776108698862,21,0,car,31.52651177566498
8.4141699709753,10,0,car,30.183635551333857
22.499020080462813,9,0,van,99.21362089539491
22.258895628883877,16,4,scooter,47.97116235658798
8.46962014986282,3,0,car,11.980888180318786
22.573541944416462,23,3,scooter,37.481113874406375
24.905863000720082,14,4,bike,57.745144638257706
20.722683771036728,15,3,van,47.51154825553094
21.19934802000311,20,4,bike,99.752877487479
6.600714034672703,12,1,bike,12.816720154840429
14.62920877201503,8,1,car,49.77075917909524
2.1477698922005124,10,1,bike,6.284021452985796
2.825489452130908,10,1,car,7.897887713742511
24.97286899481562,5,4,car,34.06667726730906
8.502661610934817,0,0,bike,16.530994020502288
18.830505845196736,21,2,scooter,39.579687386897504
20.263293799157005,5,6,car,25.20051113246648
21.521570139677117,12,5,scooter,38.551448395591144
24.941893286352833,21,2,van,50.89196876219199
6.416663888793262,23,1,car,11.231344470045062
1.488595258062643,21,0,bike,3.243775640418399
10.574192190867356,4,3,bike,20.24239955143037
3.6869764108092005,14,0,van,8.21298517823132
1.0494342844703506,17,3,scooter,8.921539569464645
9.330457264966409,19,2,bike,41.201569764326386
19.701587151343293,13,0,car,32.74477826373691
14.371426935014236,14,0,car,26.230795516710195
8.163060735653673,4,5,scooter,10.986208362270585
16.531379134571633,3,2,scooter,23.978796102099274
6.184445417565863,1,0,scooter,3.760421133273261
0.8523454287660831,6,3,car,2.0
19.22665796769247,9,6,car,58.40898676944558
15.781705579168223,15,0,van,35.448485050681754
19.17641430027352,9,3,scooter,76.2014345612374
1.4539814088478074,17,1,car,5.519009251612984
21.009430881850978,16,0,van,41.58975852168302
15.678391900889432,20,3,bike,76.42449000603605
14.303186092459683,12,6,bike,29.878442374615506
15.803044178806024,0,2,car,21.334807170803266
21.678614548274922,0,1,bike,39.363725315144755
14.879944410693223,14,0,bike,36.35033556811645
14.733284307260394,0,5,bike,25.555930967933328
24.77163934811126,5,3,bike,46.49863233156625
19.039889093179916,12,6,bike,34.26676694329303
11.336198233552814,0,5,bike,19.02707544869437
17.83122650080673,4,0,van,28.228530010237336
10.036146556448818,8,3,car,32.285062061743226
6.107448830845725,16,0,car,14.517431218668126
15.122870983750106,15,1,bike,33.49734497099836
23.240461403791812,7,6,car,32.18512721814738
23.263918240378835,16,6,car,27.954964018926923
8.876679313584512,14,1,scooter,22.07490324384556
13.428097922431528,23,0,bike,27.463771007885576
5.6850795149616,0,0,scooter,7.749590176604629
24.892962182722645,11,4,car,44.51204887553289
24.537388742764424,4,0,scooter,31.073094246106074
16.41296877783246,23,6,car,20.2462706379717
20.208144462098097,5,0,scooter,28.518249229373154
18.01995395145065,0,5,scooter,29.128219301964553
15.03237636646697,0,5,car,18.33994362217137
1.8070259262279935,9,1,bike,9.066744761939908
11.641726392540196,9,5,scooter,38.03084670761673
17.032264403101557,2,0,van,25.631809336368402
17.099524540150274,16,2,car,31.091131256182422
9.641504151348398,18,0,bike,43.78901614342897
23.57145367312175,10,6,bike,95.7770508444168
4.600247289801135,17,4,scooter,22.622243659771843
12.758806432281235,1,3,car,17.68744986031266
17.426657425495158,8,6,scooter,57.32589412847131
17.579827244349325,23,1,scooter,28.70112773283763
16.391654440835982,16,5,bike,33.37148969874521
7.244561229570574,13,2,car,7.121780213168802
4.3270609328222385,3,6,car,3.464726151589713
16.080538007254418,16,3,van,31.31255179340534
15.182901845416225,16,2,bike,37.20629712185475
4.894222252086404,11,1,car,6.4233492258061435
17.775909066478803,19,5,scooter,62.10195567821424
11.651713797474581,17,4,scooter,48.60563424218802
16.860134494277247,2,6,car,26.41604808197583
21.01549345436869,10,6,bike,93.65654576048155
4.658346500134617,17,6,bike,20.113281474377313
0.9690492659224986,3,1,car,2.0
19.588013366696774,16,2,scooter,37.39075160673171
15.437586916239091,17,2,bike,69.17112329819989
17.64116945574198,4,1,scooter,20.2813192453594
21.03479688722174,13,6,scooter,34.054143475055575
20.168867903200262,9,0,van,91.35033974707784
24.042543599756204,14,1,bike,62.51139733143638
13.630409431876897,0,5,car,15.844639680707273
12.468143000167682,15,5,bike,27.416120821219334
10.346236397322887,10,4,bike,47.847783466962824
4.265430549683011,22,1,bike,10.146582016370237
14.528877205609549,19,3,car,47.484773063606994
7.28680684598648,5,5,bike,9.363973800642578
23.072034049217898,23,5,car,28.293839910383547
14.78817470478889,21,5,scooter,23.90268399052868
15.024584422448699,15,0,van,33.67203553625729
9.195654191486746,1,3,car,11.684563029227744
1.7737391234538333,0,6,car,6.28752678564771
1.2777222516382212,23,6,car,3.1221616942516737
10.871711031753339,23,1,scooter,17.458688184400735
2.5718517633823272,8,0,car,4.526806477262053
15.367750410733409,21,5,bike,30.600298533452076
22.083838638171606,11,6,bike,45.937158094520285
22.131413004708694,16,3,scooter,44.42650958459586
16.646612548239695,14,6,scooter,30.940316864595232
5.67517987108681,18,3,scooter,23.318779904780282
21.643422368292367,21,0,scooter,40.18716068799712
22.2092891651736,9,6,bike,94.47598450696336
5.318012831347488,11,5,scooter,7.864916736504762
18.566939101381593,13,0,bike,42.618059413387705
7.519728948714512,8,2,van,28.919270737733026
20.164687652646776,12,5,van,36.51996706517818
24.932328547638267,2,0,van,39.42561474329868
1.235637130570124,20,1,bike,9.413282234763424
22.48546371187783,13,6,scooter,38.302623511227054
15.754448073167122,20,5,van,60.30871353983554
24.34787416953812,9,4,van,98.93981709400121
11.892733179397476,15,5,car,19.961593731471606
21.261004298998657,6,2,scooter,44.44615909680563
2.028654680657792,3,0,scooter,2.0
8.714336726918246,19,4,car,27.262198323547832
2.141905174904644,22,2,bike,3.151589788316622
24.39590677023723,10,1,scooter,96.97554176049213
20.51586072816,15,5,car,28.467922379233595
21.387411820526278,19,6,car,63.028827505473664
23.48014817013041,3,4,scooter,38.083995448249695
2.5850354099347412,21,6,scooter,2.8212109641464655
9.947141016576667,21,0,van,22.20704321117031
2.240354781578052,22,0,scooter,5.0073249519099035
5.664430987975701,16,1,car,2.0
6.119461537422973,12,2,car,8.067025483794392
11.993126670665678,10,4,car,44.076283078526316
7.079773102614244,2,1,car,6.651762240662005
2.973963617035147,8,2,scooter,8.683358456658809
4.603531682805639,5,3,scooter,10.190036325998276
4.108251307026228,21,3,scooter,8.676834764883912
24.34038154885131,20,2,bike,121.20561214203549
19.102666419502604,10,0,bike,90.29839984105396
24.21015589910427,15,0,bike,61.71077671909758
11.27364191944376,18,3,car,35.98595641497869
7.320027800735087,4,0,bike,5.808536997794717
20.058183331625074,13,6,bike,43.880375464646484
8.493220992008096,16,0,bike,22.10342750020106
7.834892655781033,2,2,scooter,14.072325872809145
6.196396809091864,3,5,bike,9.327779098001908
3.677134966493766,15,2,scooter,11.755122553553104
6.783344994910767,15,0,bike,18.876553869342615
9.20533383761025,20,2,car,34.035901530100254
17.012858099570394,3,4,van,28.408134926440198
2.0328386343765636,18,3,van,4.6711700011821335
5.6574200218009025,16,5,scooter,10.041932937422965
20.321079187146072,12,4,scooter,41.720527748239434
4.099587127802383,21,4,scooter,14.29758607251343
8.894806089801778,22,0,bike,22.14566668920807
21.68414358552443,23,0,scooter,30.22196824023211
4.295670123014345,0,4,bike,9.332333653926126
2.5270524726456527,11,4,car,8.104656203271428
12.371180879460265,3,1,bike,27.96479726515839
7.909278026324142,10,1,scooter,31.3164096841088
14.303504929854427,4,6,scooter,18.53635925880877
20.19321981684514,1,3,scooter,26.832429160938247
3.8601379597422074,16,4,car,4.807346969824643
14.727127571579983,7,2,scooter,30.75269902318298
12.884964629551666,5,5,scooter,12.665826060587149
4.0299302573233895,20,1,scooter,22.26237752821937
15.787962895460069,8,0,bike,74.71221942475256
7.2041902375889055,12,4,scooter,14.769459107518177
12.451940804328306,10,2,van,54.39188626715196
2.515671944788016,15,5,van,8.075022253584635
11.759809401733765,15,2,car,20.959808554597327
8.008354967049097,1,6,bike,9.651908983932014
20.648339674041182,9,2,bike,100.3774448519178
1.8959788114355227,11,0,scooter,7.1730914132600585
10.755878235499084,7,1,car,15.754560842756218
11.73156989122023,10,2,car,42.62262281080639
18.26264886932841,9,5,car,55.21039628041939
14.570045589710169,12,1,scooter,29.42553999439676
16.846702261257434,16,6,bike,33.23837108631765
19.537707498468023,6,6,bike,40.107612084951874
21.623972854625624,23,3,bike,41.23690036097532
8.189949669700528,2,0,scooter,11.327393510535039
13.681556281415622,19,1,bike,62.73361463745115
21.082647921760397,12,6,car,28.367160029249128
24.741552708643884,18,6,scooter,86.90033542229109
22.293223120572197,6,1,bike,54.97154825684953
9.600947934297231,8,2,bike,45.8814793213275
5.281579671856935,18,5,bike,27.490222150181687
12.490117166461424,12,2,car,16.30960741402368
18.670215569983036,21,5,scooter,33.60905935881948
12.56794223345579,7,6,bike,20.706544820277422
12.337931151184879,21,6,car,18.080528965457155
21.036645316504114,17,0,scooter,84.89671758740737
9.354392587146066,22,1,scooter,18.179232714132937
21.564969532885318,1,4,car,22.58090495766946
10.466717623317226,17,6,car,30.919762729185923
8.541711089119316,17,5,scooter,29.719064667817914
11.622752824392625,10,5,scooter,43.119413847666095
19.179950487534278,0,2,bike,31.12806597608753
3.58704968266786,13,2,car,10.472117241400191
5.312270788864426,15,6,scooter,2.0
23.810398228745754,10,6,car,67.09952865959791
4.799544870843255,0,3,car,6.857483159305097
14.409319289310837,6,5,van,27.781635396932177
14.693204433217478,15,0,bike,39.79955657186516
12.495799320230997,13,1,bike,30.569684203692987
16.296258590132055,14,1,bike,38.80640465307974
6.1307547820416515,13,1,car,11.843175595480595
14.040225560530331,20,5,bike,51.57888243180643
9.61824475354898,10,2,bike,43.14457584447839
16.71084786091513,15,0,bike,36.58002934602458
3.9599768126421617,18,1,bike,21.8636994626307
14.486496712567169,16,5,bike,34.132710744137164
5.039123706891431,5,4,bike,14.897894543418833
7.326755046318391,10,6,scooter,27.193023439093178
5.858390107927789,16,3,bike,16.736168379732547
4.979525606786019,8,3,bike,24.183537951904086
20.72991831323634,17,1,car,69.57607940402181
7.499835407691814,16,2,car,9.61803581358565
23.214532655679008,11,3,bike,52.20724437523655
24.263199870957177,22,3,bike,54.1180894033951
14.495881513458885,21,3,car,27.04341002716367
4.003527505310297,21,3,bike,8.378671938970427
9.676431962799741,4,1,bike,15.693556493944836
20.044440452031242,10,5,bike,77.5822631390911
9.501072853078226,3,0,bike,14.80092400820653
2.631921848418324,3,0,scooter,3.1877939394281216
14.141230317740604,2,2,car,14.038547709453765
21.205460861652853,23,5,car,32.295853111939536
20.00019648501581,22,6,scooter,30.76190698496045
4.790516933193654,16,4,scooter,13.03879559714861
16.982733053105434,6,0,scooter,33.60389653439033
5.902354454173354,3,4,scooter,7.38114507307685
5.84608459652822,22,0,bike,13.282310816411062
21.914758445977036,12,0,scooter,43.87169910351795
6.6168893421356385,11,2,car,12.022787702127632
6.949559989691274,0,3,bike,9.884171465504918
0.5160080736518391,20,2,car,3.447133029634766
21.831391336075182,18,0,scooter,86.48764366153769
19.9185729236238,20,5,scooter,65.28820486543619
15.869558909721611,19,3,bike,74.8903855873512
18.881511216501636,17,5,scooter,69.93389360635324
4.225189901900049,10,5,car,13.255130926837769
11.728928067395598,19,5,scooter,40.80997613298413
9.104874990045131,2,3,bike,15.615881048203454
2.797524893296904,16,5,bike,4.880995601441915
12.41019688776564,11,3,scooter,25.480707749996224
23.058121433394568,9,4,scooter,91.43604208878465
1.4814484167420148,7,6,scooter,3.938767650155138
7.64079238059795,14,0,van,17.342900326574988
5.584752937039735,4,1,car,3.7855933387718004
6.33459301480956,3,5,scooter,10.057990515820528
22.756646521044694,20,2,bike,106.36811718791928
11.967691828740108,19,4,bike,54.45774647848341
11.92433561702556,18,2,scooter,47.62153870397827
19.134103240154417,20,1,car,66.37726530871004
4.285058998120682,3,3,car,7.49540467197982
12.438001175451245,14,1,scooter,18.406998618536363
11.034637745965963,16,2,bike,28.850873048542017
15.124311918393076,11,1,van,33.647225942795515
24.989163729635745,2,0,van,39.012623917487
19.351497905010152,9,1,scooter,76.69701396163605
10.247709723926967,14,5,bike,21.98082226631301
20.775049780714152,9,0,scooter,72.63085891504849
4.682354901155764,23,5,car,2.0
1.246360314569523,22,6,scooter,5.651408889132828
5.50898512537469,17,6,car,14.617162994342994
8.840083124799362,0,1,bike,16.062388880624617
13.009228557759217,2,0,bike,23.66709237148849
15.570663943259396,20,0,bike,76.88314524225848
22.80984007175333,11,6,van,41.282882130525714
12.991423233986213,0,1,scooter,19.02032577654099
12.78125329333037,2,4,car,17.42613181643209
1.7309537406630622,2,3,bike,5.73555897158776
1.3553330400774835,4,3,van,5.7233225865218715
14.003419066951116,18,3,car,47.05480505935135
11.23537602458444,0,0,bike,19.269548452572824
21.059919677017316,3,6,car,23.710199163946577
4.436649825440207,3,3,bike,12.1958677812668
1.111805721867715,16,6,bike,4.655165077934139
11.501449814288083,13,0,bike,26.164191106877364
6.318224640430309,17,6,van,18.70404040904549
1.7155521468015174,0,4,van,6.148739812038236
18.25265802776691,21,1,bike,47.46412967396613
3.234028498952563,15,6,car,2.0
15.403827750190406,2,6,scooter,19.271520373392054
7.385718879088785,22,1,car,15.290797779935607
4.750653233698039,20,0,bike,23.960533775083366
9.803912311523279,8,0,scooter,33.23271043587808
20.135421517462365,22,6,scooter,31.634018111269427
10.106292634162031,3,4,bike,20.40263705615424
18.893856405670864,20,3,bike,91.4381353213628
3.574414271579192,4,4,scooter,7.497130361067432
19.43289978179444,10,1,bike,95.6196207950752
6.304866460212891,20,1,van,27.74597948585131
17.096131682277385,8,5,bike,72.61890230893913
14.36164809360441,2,3,van,21.964284981761665
23.26404557168634,5,6,bike,37.689697535181104
9.989401690395194,23,1,bike,19.382367355728405
2.121047126443791,10,5,bike,13.970936937624003
0.9693093960056962,8,0,car,2.0
20.75803474383245,14,1,car,37.75674153776427
13.356023122705087,22,2,bike,31.707788832891886
19.493479269956257,2,3,bike,38.222035215066825
6.24342720028211,0,5,scooter,7.991308727299955
8.954551765074227,19,3,scooter,39.35042249388632
1.2375448691773139,21,3,car,2.0
24.05656195206575,18,2,bike,115.89814517498756
16.86276371416993,13,4,scooter,35.04364035297845
23.363524650103003,16,0,car,38.00779075689892
7.004661982012272,21,3,van,15.92392769847806
15.48085847502869,13,1,scooter,33.98248146759364
17.123249223169626,16,0,bike,40.89444227181855
8.279967656310916,13,1,bike,22.123377571266538
21.278676257882935,11,0,scooter,40.534451283027046
23.70545584105607,15,6,scooter,37.93754046195104
22.178950383552106,0,0,car,31.333394045945425
18.607140910514627,12,5,car,26.05979628406088
7.297884653261374,5,1,scooter,6.197357747613609
7.399593031587978,16,1,scooter,12.518437444823102
24.102327850927928,11,6,scooter,45.959828157943754
0.7519701504244547,22,0,bike,4.985528534153284
18.043224344432538,18,3,bike,83.24621604309819
17.803030982603925,5,1,scooter,23.00422357343115
15.755893753270037,6,6,bike,31.654158116099286
24.75766672912821,0,2,bike,48.827839421216936
8.141046176211269,0,2,bike,14.442422906819445
8.82931066293458,4,0,bike,15.738049084972841
2.434015372190611,5,4,bike,2.6511682734962667
11.348554345321567,15,0,scooter,21.882546420471083
6.895688892753778,15,6,scooter,14.534727128445507
8.912974203352283,13,0,scooter,18.081721074708987
20.947008861262876,0,3,scooter,31.620578636567128
23.419370581423646,12,3,van,52.13643468407951
5.0504602641270475,19,5,bike,21.294962615515455
9.626468823059914,9,6,scooter,36.33406489641448
23.251448771827153,23,4,bike,40.88571400783325
2.0143072868859546,9,6,scooter,7.822495911163539
2.762832938728774,8,6,van,12.958986629749605
4.488379235552619,12,4,car,12.354475718680252
15.082714436108432,2,6,scooter,16.896591384297047
4.186570639646938,17,4,scooter,16.225116592585024
24.21787134554297,19,4,scooter,92.92369558497316
11.444505917833748,1,4,bike,18.21891609187271
12.787190028579076,16,6,scooter,22.29413987362899
6.543136087232459,18,6,scooter,16.67782791969183
12.038526184650971,22,0,bike,30.15047718284838
16.716883999606782,12,6,bike,36.55892483668545
18.90383985537405,12,0,car,32.17734405635355
18.96976802639287,0,5,bike,27.931950289553022
14.658332261005164,1,2,bike,26.32978633466049
22.656814487349504,0,2,scooter,41.20652117236337
20.52649225899968,23,5,bike,31.391104035144274
19.047678810116324,4,5,car,19.47798971620383
1.8623352811712852,23,1,scooter,2.0
0.6685100743814082,2,0,car,4.013199114207169
5.7049582912890875,6,4,bike,9.971274629734786
16.75632805087958,23,1,car,22.360911845298357
10.574338477622373,21,3,car,24.447474211319147
10.358953352833137,12,0,bike,25.969436947436375
22.172378761625538,22,6,bike,47.34735595580609
22.44128977923005,17,5,car,65.9283379261283
22.77479396931285,23,2,bike,42.987206279720944
8.19001287461817,20,0,bike,39.53909441331573
17.430867412111912,6,5,bike,37.99844703220697
7.155012941222056,0,0,bike,5.959732837614808
5.16994091032402,4,6,bike,9.43808369651205
5.023495205010546,16,0,scooter,11.347397106792968
8.881636711158054,7,6,scooter,23.0883423444535
11.033961684605632,14,0,bike,26.46866247920957
20.858254690849176,19,3,car,72.17894082142308
3.4373317900814464,3,2,scooter,6.477191963675026
18.50568326117491,1,0,van,31.777394577328913
13.520645397637981,4,5,van,15.678942511742777
7.554660895561816,0,3,car,12.417380094914543
12.574079821054202,4,1,van,17.97434279619872
7.848580709537055,5,0,car,11.569730536612385
15.104007903338497,1,6,car,14.742098673819374
11.129176109953484,0,3,bike,19.878820346791564
4.527935462432529,3,4,bike,6.947983110711716
3.35628532661457,6,1,car,5.006662973868982
13.89404421076719,21,2,scooter,27.539004429259943
22.609119315509535,0,0,car,30.931164968999447
8.926963320663296,0,0,car,11.483302961955298
18.458502626954267,7,3,bike,46.92395932831435
16.63720319602429,19,2,car,55.44114948277826
23.323095400582286,15,4,bike,57.264563996659774
20.61403492382895,20,1,bike,96.4499025434306
14.381828843183843,12,5,scooter,30.359736859276833
16.59724720673563,22,2,bike,41.13528797343961
22.510468431308855,23,0,scooter,32.53997376081186
10.288210222379902,22,3,scooter,25.77999458372422
8.506470293515546,17,4,bike,42.38655093407448
0.7648715490623104,19,3,car,2.0
20.750501317690873,9,1,scooter,82.60825828738102
20.12402715988244,11,6,bike,38.58405498672234
3.059135693453709,0,6,bike,2.0
14.633005837751156,9,2,car,53.79554690272993
11.86755160508874,8,3,car,37.993322202655584
3.408372839973231,2,5,bike,2.0
24.523921562987727,18,5,bike,104.26793948610523
5.760049242852208,8,6,car,22.15200048842243
2.147237412218748,9,6,scooter,10.94050955107269
15.073760797796785,18,3,bike,79.22743356890756
18.6022335897593,15,0,scooter,44.4692361065997
1.2948644281560806,23,3,scooter,2.0
16.63858214881204,17,4,car,56.11235261487609
13.541150960810635,13,2,bike,27.78691630175001
3.0299927174386863,2,1,scooter,2.0
4.726834985185871,1,5,bike,10.805505787319065
14.415370284243972,0,3,van,24.592175490844514
7.760761531075565,17,4,car,30.977739682818296
23.488735351957242,23,6,car,24.337740309673553
20.559135622359243,8,5,scooter,69.86396752441823
24.597396559584745,12,5,scooter,44.558816949214744
6.861935554285143,1,1,van,14.48081537684589
24.258229003550436,6,5,bike,45.72103429770333
11.065229809893168,15,4,car,18.24752897779051
9.014210485186988,20,5,bike,38.82255150288452
1.7335634107491544,18,5,bike,9.584697547596617
1.7927488175602642,14,3,scooter,6.527597488802671
17.45427577069304,21,3,car,29.697938757275015
11.719260363633683,10,6,car,31.2329885367893
6.04977983788459,0,2,scooter,3.5309545573588785
15.5422725049682,20,0,scooter,61.622312015795764
6.695023897127724,6,4,van,13.479993146223851
14.651977981438353,19,0,bike,67.9414539513541
9.300614301075914,7,0,car,18.623193665072233
20.677029551989566,9,5,scooter,68.47734170347657
20.607055938786093,4,6,bike,31.095594281060396
12.195084753998833,8,1,bike,62.03680720684888
9.095068178707882,0,1,scooter,11.66752726811813
9.382715015697816,1,5,bike,16.03203504648514
20.240005878871337,18,6,bike,84.45124811013864
8.540397328541493,13,4,bike,21.226553843546878
5.621954655817728,19,0,bike,29.630017406801787
2.574864375945017,9,2,scooter,11.275330917362123
11.933981461668006,8,6,car,31.419950090173465
12.312236423536126,9,0,bike,55.446551508966834
21.102263404871227,5,1,scooter,33.34949100425127
5.920348062928568,16,0,bike,11.450471320807496
9.834286204875799,5,3,scooter,17.99552644338337
20.30594060289543,3,3,car,27.70449961371626
20.67877846334985,19,2,scooter,77.5677965800059
9.92297136147982,2,4,car,18.752485484039585
11.748538570523682,22,0,scooter,22.398353912845398
7.930504325807432,18,3,scooter,31.09415561484843
23.347594521273145,17,4,scooter,94.65801503300771
3.4067722606687174,23,6,car,3.6465660955522528
23.376860863536017,3,6,van,36.392125309203514
17.25472806996591,7,3,scooter,31.455434412238446
13.523517740824914,16,4,car,26.624382911044695
1.300146989220149,4,4,bike,4.443263375134459
12.152106699639203,12,3,van,23.717033976553434
10.48982857256694,0,5,bike,17.594837182133666
4.449860893390502,12,1,bike,14.31621261105802
16.582035285766093,3,4,bike,32.177660188269144
24.293197230523003,21,6,van,45.70901306068547
14.273625871080865,23,5,car,18.234622075562225
18.011455272876674,13,0,van,40.71589995602589
2.1770360878674113,2,5,car,2.0
10.73284139751637,4,3,scooter,16.982333924859912
3.350782886530149,6,5,van,8.78969446052542
15.513497970644504,0,1,van,25.970474056738517
23.492812876246788,22,3,scooter,44.833146778578865
16.713554445555143,11,2,bike,40.95289378972069
2.3816746837033276,10,0,scooter,8.355305254838381
9.18932202213453,23,6,van,14.918174652488304
13.991252796300863,7,2,car,28.26570247713456
10.37859002526468,5,5,car,13.93238587562248
20.92427825664172,21,4,van,42.36672506201601
20.459439615394736,1,5,car,24.365479166689504
15.489859992528926,18,6,car,38.441725318552955
9.649719655751278,19,6,car,28.4704207869456
6.755741157199481,19,4,bike,35.24814712169849
3.0939207962216684,23,2,scooter,5.966483590481262
9.194993245420575,13,2,scooter,18.720194604238962
10.622726671589128,0,4,car,20.397431697614245
17.057661665049803,9,1,scooter,63.116171147564216
16.62491569529055,15,0,bike,35.457395892415825
2.2176494212107953,3,3,bike,5.540401980978964
10.183853228063365,10,2,scooter,43.42969008259738
4.953582246825367,15,0,scooter,12.723710882480255
4.341911280261739,19,3,bike,19.12284610816541
20.768902668562525,0,5,bike,30.809015419341243
1.5269228095483096,15,3,scooter,2.0
10.769980459601973,18,2,bike,52.66266730193815
4.620989566279696,20,1,bike,19.231127691831084
22.043590284122615,21,1,bike,56.24847377710142
14.14749257523836,8,0,scooter,56.52432140569825
6.1688255912327765,8,5,scooter,19.345606496379855
12.809468535576222,8,0,bike,59.386479320290505
18.421415812726337,16,4,car,26.98384909010383
23.973891218526127,11,1,bike,55.15481563911508
5.900927104012764,12,0,bike,12.503864724307896
22.211453417168954,7,4,bike,54.53172933493409
23.39045079710351,15,5,bike,48.51725542846379
22.952303341035623,17,6,bike,93.22174302318902
16.06765174311679,0,3,bike,25.98764549518676
15.930606033650339,0,0,scooter,23.797670151436144
10.378660513003657,11,4,scooter,14.59832161194571
18.933748116442803,5,1,scooter,28.175255945817533
13.516703449597832,8,3,car,49.68964443099274
17.097232745093216,22,0,bike,40.43230711412243
10.997218644295488,4,1,van,18.605248344435104
18.42166336905691,15,6,bike,38.55948871984927
20.699552181311454,17,3,scooter,78.64251374289456
4.087688286768994,16,2,bike,15.082921689098931
20.906778031568585,17,1,car,70.45768557444171
13.737265028862527,0,2,scooter,21.124207091846518
21.194314772710495,18,5,bike,86.49635744564048
11.066891805354858,21,0,scooter,25.547979711805514
9.786491891884358,7,6,bike,16.047943488978255
22.918987946671947,2,4,car,34.129734744287816
6.653647054935832,4,0,scooter,9.323485111887399
21.183201969510506,22,1,bike,49.23909419073094
12.3585040264804,7,2,bike,27.77715397814333
13.095338342505864,18,2,bike,68.28356976841108
8.057472896492358,17,3,scooter,27.41555968850009
14.539533915165883,17,0,bike,68.18525952330347
8.467674308767176,20,0,scooter,29.998393750074168
1.4621006489204817,0,1,van,2.0
7.163965830936723,14,2,bike,21.10937882976095
0.6562865634614716,17,1,van,2.731272387847505
24.46969228289299,6,1,scooter,45.456850858789664
24.160806640583814,15,5,bike,52.909819546287856
10.181304788071474,15,2,scooter,19.160557574223436
18.345085931321325,14,1,car,29.50901839967458
8.972249411055412,5,2,scooter,15.529604427944507
16.941782348606413,8,1,bike,80.0539891361434
20.23303605462649,6,4,bike,45.67095843626963
23.6955279949599,13,1,car,42.707112093767705
10.305200758316964,10,1,scooter,40.79669546316051
19.69080058242317,20,6,scooter,70.72895631520555
7.01524704048691,15,4,bike,15.628125101538185
24.763141442944384,5,0,car,35.71176136501214
1.131355169726603,21,2,van,2.4664223317403144
15.286455759277464,15,6,bike,35.08026146090487
16.657896550457515,19,3,bike,83.03785472598389
17.357116148316155,15,4,car,33.46381149098678
3.4494956803326806,11,6,car,5.346967108163388
23.493979695091696,16,0,scooter,48.13612002157753
4.938990336727029,4,1,van,7.449014415328341
15.757458379376107,12,5,scooter,24.71116221612673
5.955563938515581,7,0,bike,20.30324515288315
8.026802217021137,23,4,car,8.328479750045963
13.888234272339046,4,5,scooter,21.29418014953251
10.721238754832124,11,1,van,25.151520049329047
4.425527223924404,8,0,bike,21.785689580469306
4.687941859310783,2,3,scooter,6.74725243823082
10.744547309988592,2,2,car,13.73350652497998
19.053432967749767,0,2,bike,33.20433024277427
22.50013384777082,21,4,bike,54.28364669320168
2.5611277253548796,17,6,car,4.09150111899303
10.131045735205326,23,1,scooter,17.827981877135176
2.9560163112104774,11,1,scooter,5.226418678425842
0.9065157754986481,8,2,car,2.0
16.71210772477694,8,0,bike,76.3887930730417
15.2600113281814,17,1,van,65.00434620101527
4.493968288464712,17,3,car,15.116540276336874
6.22841441078007,6,3,scooter,10.902636309642933
1.0808399642907003,3,1,scooter,3.1700429851448613
20.95620653951289,12,1,van,45.95148428355399
24.37991960318951,16,2,bike,58.682127039997205
3.8187586514699245,23,4,bike,4.272132070400421
6.171142737249804,1,2,bike,9.172836752030213
21.776033336699886,13,4,bike,48.072709332696164
23.198363049926527,2,3,scooter,35.115678642016746
10.780870878766853,4,4,van,19.452891704736174
1.7402505705923161,13,2,car,2.0
1.4650999254740753,2,1,bike,2.0
14.561771718690755,22,4,scooter,28.964848674260015
10.125930167882887,6,2,scooter,21.929591410621075
1.2019844756525355,17,3,bike,2.0
14.78968361165764,12,5,car,28.706427837318568
0.7769121464310506,22,4,car,3.5896599656004766
19.790612974657186,21,3,car,32.12960255853586
8.007604156232603,9,3,bike,35.22546083847561
1.4863210737261865,12,0,scooter,3.8236323524161957
14.914629414087257,15,5,bike,32.54203111645411
10.24326815360984,8,4,bike,46.19688528191784
24.358110127250164,1,2,scooter,34.13164584342384
13.832867231340703,22,4,van,26.961518276359396
7.243359935406703,4,4,car,9.745225213990372
17.881252183532382,21,5,van,33.55066298002323
7.1515540622964275,16,6,car,17.15369425537179
22.653960639485344,22,3,bike,47.874701809108174
9.680688277430722,21,3,scooter,17.346276628576007
13.971779788017027,3,3,bike,24.206566849369224
1.739041043693607,16,3,bike,5.633097294078242
10.939970329829654,8,5,scooter,39.632083281459046
20.892906721694377,19,2,car,71.03404123957603
20.238395731401877,1,1,scooter,35.66860465612809
5.995804691911393,23,0,bike,7.720758814287106
6.038937239758786,17,6,bike,23.118227132502472
20.5239801492243,20,6,bike,81.71878874405573
23.294761294148476,21,3,bike,55.46761343192709
2.8363425711885872,10,3,bike,12.619311625529075
11.52643666594252,12,0,scooter,25.411585841288353
8.76762983462361,7,3,car,20.590714995493105
21.831867158707265,0,1,scooter,38.05914013184713
2.5463604096604597,16,6,scooter,2.0
5.672585592671917,11,4,bike,13.774285015989625
18.93547427086911,3,0,van,33.53546166043613
1.7566993000397817,20,6,bike,9.337669151001776
12.567116827500087,12,2,car,28.486882724605465
11.33162234965314,8,6,van,41.57018181208134
8.692828885224342,6,0,car,15.136269356802034
10.167021725313633,22,1,bike,31.123369963672076
13.483544379790708,23,5,scooter,19.297937105956137
4.453500280515387,4,2,bike,6.430557910040553
14.513899017948024,4,4,bike,23.87051351352458
20.233092067849665,16,3,bike,49.1866448155699
19.123942779858897,8,0,van,85.15956883773372
4.270547664997455,5,2,van,10.20065223323229
4.1566120086661105,18,0,bike,17.335289922979605
7.070272009750377,15,4,scooter,14.450378877623589
9.346330795355412,20,0,van,38.703167213609404
10.507161744507824,1,6,scooter,13.61259387277104
17.15258181241696,9,6,bike,74.31009614298056
1.8886705880629675,15,2,scooter,3.6275919430591665
1.3494812535386265,4,1,car,3.736953355270132
10.101808792125771,14,5,scooter,19.615645624124575
17.58051045738052,12,2,car,28.305105554239468
5.239165902433823,12,0,scooter,14.16513328291867
16.216859790778166,12,4,bike,35.634754236067
6.865789379537337,14,6,bike,10.538391589152432
22.20910966593115,13,3,bike,51.86933038481972
22.444403634532105,7,3,scooter,41.96355504946869
7.783536504892499,10,4,bike,39.17688750182681
6.134846972099393,17,0,car,28.724260651582725
10.576947315622666,23,5,scooter,17.533958067315194
6.393023836913644,3,4,car,5.979395461596756
16.97340416064674,9,0,van,69.74913914539167
20.738584771432997,0,2,car,30.27999329006311
16.990757207324815,4,5,van,20.802484854770302
20.696585957609063,12,1,scooter,38.43876351351388
10.226307974083117,0,0,bike,19.986543887464013
4.329765782367091,22,3,van,7.652404617438462
18.57979821124101,7,3,car,32.20908097119258
9.33162537596807,2,6,car,9.708784077321003
16.946135218113746,2,5,scooter,22.586788967378112
7.130776578553259,6,1,scooter,16.884801601054715
2.4901260527634803,3,0,bike,6.461715378395841
24.818253989450202,2,1,car,35.47837254600074
4.326936944299682,14,6,bike,10.947943686218487
24.716314352105286,7,2,bike,61.44444054655191
24.443358347877957,2,1,scooter,37.5986357200844
19.948543545746972,6,2,scooter,35.53364601363174
16.655862571008942,17,3,bike,79.62604673884562
14.656272731151574,10,2,car,51.19785869053672
21.71948786175695,10,0,car,74.68947837041024
7.591268279677455,16,5,scooter,14.461919964619664
11.958189705879487,5,5,scooter,22.1805076903228
15.675054249479297,7,0,van,32.084852573410885
10.574166658802532,0,0,bike,18.30697302667256
10.973418125211566,9,0,car,41.249205567349044
8.591974353801067,18,4,bike,41.61518834131793
14.323679508771132,2,6,bike,24.358479310951846
21.339075936370342,3,2,scooter,31.053897007129464
5.437445261154664,10,0,car,16.4452979177251
23.393609449459316,14,5,bike,45.200231398890125
17.38264751683163,0,1,bike,32.60821287362818
20.67019371066074,8,1,scooter,79.74499722704589
14.126671969435286,10,4,scooter,53.20257038462735
19.598159184889557,18,2,scooter,80.37577644711256
0.8969097348169466,12,2,bike,2.0
20.550320407098614,15,6,scooter,32.13896784247572
1.4834020475914798,3,2,bike,2.0
22.30287772089013,0,5,bike,38.539119513232855
24.80308730734676,19,5,scooter,85.95210567523185
7.704652823331056,12,6,scooter,12.201405113888883
5.6528046290019445,0,4,bike,10.950332553467037
19.251402414521998,4,2,bike,35.76987127734644
6.699145352546204,4,2,scooter,8.718372984678371
21.706278387718985,13,0,bike,51.09402018980363
3.0196435078581794,22,2,bike,9.439333465105893
3.5859023112942774,13,5,scooter,8.710671468149181
24.48921309996508,7,0,bike,56.25954403363764
17.009053007615115,3,0,bike,35.24035049442012
21.248736998509344,6,2,car,42.45357845255962
8.44606974511219,19,1,car,28.083903249809676
17.07385186325481,18,3,scooter,67.3494452535794
15.058924769060631,14,5,scooter,23.49475539022901
15.277177943012202,21,1,car,24.18368395441154
17.22204525867418,3,2,van,29.35840197534563
14.596299741662914,18,2,scooter,65.33606065639033
11.012028047915315,8,1,bike,55.04275378530587
7.260106012323398,20,2,scooter,28.04400845931609
19.33024260737345,12,5,scooter,32.34363161106253
6.043674535078062,13,6,scooter,8.519167515998845
17.462680500783147,22,0,scooter,38.105053977169476
6.216654154908503,13,4,car,9.927420853195501
15.82058916388412,21,2,scooter,33.00398594777153
18.803417544661208,9,2,bike,89.54616329596193
5.85849027821021,15,1,bike,20.414504203038987
1.968610871102053,4,0,scooter,2.0
3.708856703357265,22,1,bike,6.791189194181671
15.346925698140124,5,6,bike,23.192043944009882
21.31143695253052,1,5,bike,35.48436993403293
1.602422120267897,12,1,bike,8.149896800906465
18.486705846520334,12,2,van,40.89287241076496
8.862306825776278,18,0,bike,44.65880010366932
12.223945063028301,17,5,bike,52.72442509330115
23.25705897121636,18,2,bike,106.638833165654
8.633301866028214,0,5,scooter,11.501153628143225
11.900754881517408,7,2,bike,27.61053977818873
0.8352191616366871,21,2,scooter,2.0
2.49916864011854,15,2,bike,3.5294454354629945
6.835493982802209,1,4,scooter,13.121068041059374
1.1823799001163229,7,3,car,2.1723572228882544
15.96869548818215,5,0,bike,29.607964428478244
10.946759741639752,15,6,scooter,18.596147860361917
13.92955746683654,22,4,scooter,25.971214889406948
4.778856054460074,10,3,car,11.038525863766916
7.7503347211970945,16,5,scooter,14.293895048187498
16.763699633891765,22,3,scooter,33.868155905073785
24.149916728944795,18,3,car,84.40243983645722
1.7352109532541253,10,4,scooter,7.157785333191963
22.314415860954018,7,0,bike,50.31672862471949
14.633589432124607,21,1,bike,32.73622480723783
14.316029385512781,3,3,car,22.89664075605509
12.756824112590127,10,1,car,44.6944911579506
2.200155104652493,7,1,van,7.124266892010015
2.7019828675359365,8,2,van,14.336675754985887
15.222344138647609,1,1,car,17.122237774620544
8.853485000171178,15,5,scooter,14.375850617857036
22.973067631153178,5,5,car,28.38578344406789
10.461468165307071,20,2,scooter,39.39926743018478
4.010395738214706,20,0,scooter,14.816848277662807
18.010611420799883,18,6,bike,73.61662528880649
7.687158825304741,7,0,bike,16.234828104138426
13.374022530219383,13,5,car,19.545984924867877
17.596903244876664,23,6,scooter,22.083511396307294
22.556470724450726,15,2,bike,52.939892539557256
19.908684272641064,11,0,bike,48.58623230768643
17.07084616288174,4,6,car,22.569052338906253
17.15101296868102,23,6,scooter,25.23823607385404
23.67515377878612,23,3,scooter,36.95254175284122
7.747690388665133,18,0,scooter,35.90889804901745
0.5272463078065914,17,2,scooter,4.08600970262814
7.162886705255867,8,6,bike,32.310767351056434
5.838338800855228,1,5,scooter,7.321339954867089
16.714947335292955,19,3,car,56.14854595802767
16.025934194255463,11,1,bike,39.5903340570002
15.039803876265733,1,1,bike,30.484439421224703
0.8979643586316157,9,1,bike,4.833558929723268
18.355062334040863,0,5,scooter,22.65579167687006
8.426495105894542,3,6,bike,9.676687851077105
16.793871730662463,11,2,scooter,28.84316275661596
14.136171498302756,8,1,scooter,56.67232743705323
8.896907672983726,3,0,car,14.180073050781722
3.79711854405064,8,1,scooter,8.279290620691231
2.8132629926817834,5,6,bike,2.6938544045014847
20.872199161249476,0,4,scooter,29.799190537862827
23.00073978099817,9,5,scooter,81.14037129316941
16.41980714572534,13,4,bike,37.40711215088437
3.034135814081843,21,1,scooter,2.376909104379815
10.349666813761898,17,6,van,36.74322873857923
18.359010402576352,5,1,bike,31.596460755609918
19.60561165824667,17,4,scooter,78.46141421469181
3.3963562461316705,19,6,car,9.481406911904822
0.5007526117118692,15,5,scooter,2.1983184296304064
17.947357624074822,14,5,car,26.735073833166304
9.236606311662038,15,1,bike,25.212757603559027
6.734792624647376,7,5,bike,12.711395760762576
0.8159880098433733,12,3,scooter,3.4922937792015896
13.737335465656741,22,6,car,21.4315683556224
21.35319301793655,10,6,van,78.69092292807154
23.961975333678403,6,5,bike,52.0715527285192
14.360751290025586,16,6,scooter,22.56854811139896
13.104302529627407,17,4,bike,66.62016221885695
2.583881444486407,21,2,bike,3.8721988120460376
13.947383637793694,22,4,scooter,23.87282345875459
9.809487434652167,18,0,bike,42.829325619624896
15.374814381647635,12,3,bike,37.172826875408106
10.023795522975394,14,2,bike,22.364613496369014
6.387328524533985,22,1,bike,15.873307792976266
2.826649243095224,21,6,van,2.0
8.215501892427945,21,0,car,15.544671432781328
2.867798440049931,0,0,bike,5.846597351517174
4.8339752951876065,15,3,car,6.914354478342695
24.689735885198875,4,2,scooter,39.85877029457951
11.380537144212155,2,0,car,16.73248112380431
13.530858279372906,22,2,bike,32.75028680588677
21.903653954061777,9,2,scooter,90.27646192573347
24.89143806202185,18,5,car,77.54199553171037
14.776504008944697,4,0,bike,24.91402925577129
20.405608615582207,6,2,van,47.12367306627906
8.510055096248545,13,3,car,11.89146188474357
7.990726957458632,2,0,van,15.486149455103595
10.366241164366725,12,3,bike,27.72060851825704
16.976427935504404,12,3,bike,40.219471660946276
17.21369638674992,9,2,bike,82.46595289675787
8.223366148911545,1,2,van,12.657913781896912
3.7636431413474027,5,5,bike,3.5687403791979224
15.99370828340496,7,6,scooter,25.901796483279508
3.6439836236247305,3,5,scooter,6.364751693603182
14.673066451618586,11,0,bike,37.78244700419398
17.48884213737957,14,5,bike,36.455140390555144
17.664981661664065,7,1,scooter,32.299633246941234
18.96006671116012,6,0,car,29.064243134567434
21.88505582835878,13,3,bike,52.20578179337339
12.748995303137317,22,5,car,17.421930417480535
18.391105143474494,18,5,scooter,67.52770131073446
15.669732016463,13,6,scooter,25.14484764298097
5.072678525043223,21,5,scooter,10.614187567543702
1.1293962993005002,12,2,bike,2.0
7.471263949084877,20,3,scooter,29.034560712001962
11.354325805271676,0,5,car,13.536207813493746
15.61909563850208,18,4,bike,76.53040754786502
21.32400359732853,0,4,scooter,34.0738393143035
5.308020059301058,3,3,bike,8.119784271207216
3.5759698525126886,9,5,car,10.962319354173873
24.105258713121025,2,6,scooter,31.123479174627008
3.147091704721974,19,1,scooter,8.294551217920528
12.223031217626135,8,6,bike,51.704651730069955
14.846311355435896,2,1,van,28.260055645293097
13.763673312232237,5,0,bike,30.04240878445216
2.6077878473071086,5,0,scooter,4.964134407963179
1.8971593930886745,22,6,scooter,4.055183426181995
3.084343972795374,11,5,car,2.0
14.846898254879006,22,6,bike,39.166814683270786
13.836449747040866,0,0,car,22.538773172010313
6.226649404900234,15,2,bike,17.221366314948735
16.125466475216992,23,1,scooter,25.024402628942674
20.59165380036341,4,3,scooter,24.986931271082767
1.5186845162415472,8,6,car,5.07467142689935
12.70418361692704,9,5,scooter,44.28376974875606
17.38810509651591,12,5,car,21.692384142783418
6.681642213207334,14,4,bike,17.380426923589905
8.040387179682153,11,1,van,20.939242708743997
15.534128623239903,4,1,bike,29.70007788786239
22.499414689371555,4,1,scooter,35.62635454282816
20.343148297421035,17,6,scooter,71.96325848189116
14.786690367939796,11,0,scooter,28.605066855082825
18.390432085052606,2,2,bike,36.226578989502606
9.438150520091067,6,6,scooter,20.985560074768856
16.203655438419567,16,3,bike,39.01255462288352
11.921448982625146,18,0,bike,54.9568406514259
5.153435343210242,17,6,bike,17.35340051014279
17.6925877099928,0,2,scooter,28.722208288045007
14.133383615046139,23,1,bike,27.935056059519912
9.28622875786299,4,2,bike,18.23564490920325
22.827810156926454,1,0,bike,41.436782351702014
1.012885886754965,0,6,bike,2.457422357619335
8.236442205612653,6,1,car,12.512783376523636
1.8935942455523407,10,6,van,4.924513110339746
19.279919247429866,10,0,bike,89.55471816724054
17.70163262578792,17,3,scooter,67.84886613950168
8.618129359039768,16,1,scooter,18.827583283013777
17.05374110407329,1,2,scooter,25.42871650243948
10.20046204180077,6,0,scooter,18.35675642533078
19.028217889849643,6,4,bike,41.58198235016214
11.627499737049298,9,2,scooter,48.5231839235285
10.600853331875806,21,2,bike,28.651280981095162
23.400882929463375,20,1,bike,109.2518218300716
6.646537947322155,2,6,scooter,8.517718142420396
3.450959829915853,11,5,scooter,3.203982258573794
14.821306274856726,2,2,bike,26.93705437331042
24.248384400962383,10,0,scooter,98.81725884456684
9.757060736316072,11,4,car,21.581402714708023
2.0199007089051473,3,3,car,2.0
8.812979049084403,15,4,scooter,19.7256961530992
12.895325530829181,19,0,scooter,53.75428886540892
4.467113662489236,17,1,scooter,17.415063304389175
16.623504342384056,3,0,bike,34.169845855968205
24.944860030749915,21,5,bike,51.07569553079067
11.567617161545373,5,5,bike,19.87629237542863
9.19084963989021,20,5,scooter,30.247305060542654
10.317252087444432,14,2,scooter,22.229047228984946
3.321081370682428,0,1,van,6.767941871424266
22.140203234942483,2,6,car,28.949798786473472
10.663228560273124,4,5,bike,22.624948368423063
9.988223079908613,21,6,bike,23.592464593789437
16.66241168679662,16,3,bike,42.00176844194533
11.329818812812526,13,3,car,18.250501456892295
16.38171998579223,8,6,car,42.042911874890265
2.0054341082042937,2,0,van,7.200569881798685
20.436221921194573,12,5,scooter,41.10980643457792
23.542346845545364,2,2,car,31.983797209123455
16.394751960904955,10,3,scooter,62.5606841691249
23.886865257040863,1,4,car,35.63275121839283
4.210091702064101,23,1,car,8.867018411633524
12.196696642268666,14,4,scooter,18.281432602769137
15.244264981663457,12,6,scooter,26.932994750667547
14.752547861819075,18,3,car,51.30856988527636
10.335813587681558,21,3,scooter,15.858370836511638
8.783068029473403,15,0,bike,17.842759801147228
3.6071885524852605,17,0,bike,20.589187577889845
10.097690038775816,6,5,scooter,17.77040117392784
4.485189970084386,12,6,scooter,4.950502190625793
18.491959074059352,3,1,bike,32.13077191863788
5.616357919617454,8,5,bike,19.83885013597898
1.9348499794710794,9,0,bike,9.513538493967417
14.032970376522242,8,2,scooter,58.38879290851117
15.08312845162534,6,1,bike,39.729526401013366
21.861870001372385,14,2,bike,50.464538176094386
14.636049504233206,7,5,bike,29.483447747193292
8.96428091622442,18,0,bike,44.53202593370226
20.173791097394854,10,1,car,72.02510723781107
13.736832883091816,4,5,bike,23.16478032129462
2.442366973464198,1,3,car,7.023302902051965
14.363338727674543,9,5,scooter,55.410156107342516
22.74645436283073,15,6,van,37.49465496431237
10.209659324706404,22,4,bike,29.060232856350538
7.759982146545101,12,3,bike,22.51966429864353
4.015001696941491,7,2,bike,6.109348385876935
4.210415287416254,8,3,bike,21.60133242698704
11.102901366374564,10,5,scooter,40.52670918039985
15.094155691957473,10,3,bike,69.18249901093418
2.475077426655243,22,4,bike,5.75692947413951
23.51943043111656,15,6,car,35.529216316457365
19.0007736274073,9,5,scooter,62.849854474824525
14.872285997949735,23,4,bike,26.43977808058979
20.796747438005276,11,3,bike,54.11572625967875
2.4645755418967754,5,4,bike,9.599957895218239
12.182552504461547,11,3,van,22.794720863066942
15.937281608110753,9,1,car,46.647901379662464
20.801996199898085,17,3,car,75.03320321750381
19.69500422120706,17,0,van,89.87439951340309
7.288196617978291,3,4,scooter,13.842907000049838
23.551564154200506,8,6,bike,97.44117524241832
3.546473115056324,6,4,scooter,3.8417656780448945
21.940773656218227,17,2,car,77.07583671790978
24.288036115313155,7,6,car,39.369805057111336
4.840261318954326,10,6,scooter,14.856264915201523
18.19061857299274,6,2,scooter,37.206411350934395
1.4869952100609622,8,0,van,5.0687050248306456
10.432859215909296,7,4,bike,27.300668933132677
13.148940830343014,2,6,car,8.90109293947623
14.725808034786034,16,4,bike,36.53195686310879
23.430462582089707,1,6,scooter,30.247255702592046
16.970141838707768,14,2,bike,46.22454702287776
12.291309804871306,13,2,scooter,25.51858867133135
20.337038388514287,17,3,scooter,83.47137706298555
23.78805411338302,15,5,bike,46.8151750003894
1.0406206427161258,19,4,car,2.903559694317729
24.57177117027295,21,4,scooter,50.32706257500859
2.6102374070601684,3,6,car,2.0
20.452476092084652,19,3,bike,97.44509242800035
7.368201437509606,5,4,car,10.505199078775222
3.738401614969858,5,6,bike,2.0
11.276463172988954,10,0,bike,52.5537768619913
16.27693619646653,16,2,bike,41.43103619677801
9.833320203075138,23,2,scooter,13.947251850499548
1.8368525029261245,2,5,car,9.11599760748172
15.186797921638558,12,2,bike,36.720548368536555
22.60888026471153,21,1,bike,48.705237115906925
9.888776465707666,2,0,car,14.371769192623882
5.800153051955262,15,0,scooter,8.432537760299986
11.343144975353978,14,3,car,20.46537203291666
1.6848864206951313,10,1,bike,6.3902702367204665
20.601945819766733,17,4,car,69.13697037343299
20.745349868279575,14,5,bike,46.40011625045464
14.906011354025896,4,0,van,19.819890684124832
9.151020778990542,15,1,scooter,16.84627728609028
20.094692428921693,15,1,scooter,38.39832516651973
14.089832107314995,16,6,bike,33.41598438428549
20.735341559475398,8,0,bike,98.48289628215484
15.970740418284006,22,6,bike,30.5055091211418
19.717934093713534,2,3,bike,37.096070417195364
15.164793333835119,19,1,bike,70.10814945056269
10.646456171283821,12,2,car,16.00295545490115
23.96967356819037,21,1,bike,59.59757121333644
13.757288709531696,2,4,car,9.543264793298107
15.324693204243191,6,0,bike,33.887178693195054
5.9019471656613565,5,4,bike,8.865597551870078
15.828444340968273,8,3,car,58.90433262725107
14.504387412332123,11,5,car,22.957439521848627
5.0285407497021115,14,2,scooter,9.961901542049498
1.959883885152021,20,0,bike,9.097836798959515
15.306803333011892,19,1,scooter,61.59761894646244
19.210460599082854,2,2,scooter,30.291362154800474
13.323333587589202,9,1,bike,64.32860783439982
6.05592932033132,0,3,scooter,15.156536118361014
16.829788428979356,18,5,scooter,57.220784220512776
2.462590301935255,18,0,bike,12.34359633631228
11.324925767647889,22,3,van,24.381674392935818
4.502485580761294,22,3,car,10.53638383432574
5.019246750967143,12,5,bike,8.39527689941726
5.456201754375989,11,3,scooter,9.811954318472349
9.974322897577458,0,3,bike,13.879173432340323
1.753180037699742,18,1,car,8.971947494590445
10.245939302762906,23,6,scooter,9.13825047159664
13.03683245431017,15,4,bike,32.907067249694826
12.340709981674967,22,1,bike,34.66099103600603
9.878210459874493,22,5,bike,26.39260200372257
21.059091897733435,14,2,scooter,41.20027830403121
4.060503964302351,15,5,car,5.015292364165408
12.889570222643663,10,5,bike,53.57758851503785
2.0200147154355803,23,5,bike,5.945050978809807
2.2433141325087886,5,5,bike,3.205019103955116
14.55971331708886,10,3,bike,69.06540888281543
14.367451409751613,2,5,bike,26.282921959612963
22.011821064689194,14,2,scooter,44.1546679824129
14.167905053671793,0,5,scooter,18.494452787465733
24.01487999991883,6,1,van,48.83206185722577
1.6930237857982793,0,3,van,5.871789698411339
2.9011882771281563,16,1,scooter,6.543610958824047
1.5796136084743442,8,3,car,5.380650438796914
5.039282833171731,22,1,van,5.212538921934474
13.761117718071114,12,0,bike,35.89017770954567
16.316518444971987,10,4,bike,74.91654492930923
1.6168363697423855,19,4,bike,9.116571457822145
23.676286801217184,5,3,scooter,34.08945367311138
21.133051727934337,0,0,car,24.648463690432596
7.767005812848781,6,2,bike,21.42526840425509
2.391094490548465,11,0,scooter,5.08716267882589
4.662233293866903,21,6,scooter,8.231352171374116
3.6101381369968304,19,3,bike,23.180191524763366
3.520452592824198,22,0,bike,14.254193429078732
13.20476137231048,18,2,bike,62.64199228273166
6.523262341088307,16,3,bike,11.734390818422735
9.27442305496404,3,4,car,16.471443890812196
24.7428806679159,2,5,car,24.338326086120333
17.265699098670947,0,0,car,24.19355168368675
23.750026342651534,17,4,car,80.62498442113892
3.992635598311332,20,4,car,13.91703459902328
9.862417133397948,14,1,scooter,23.40370897934162
14.09092918041768,7,2,scooter,25.821325170203824
2.380572516274081,0,6,scooter,2.0
0.6025923688849677,19,5,scooter,4.370130657085118
16.92564117802448,13,0,bike,45.98799374836952
16.224578161635165,3,4,car,28.81757001514452
10.564325844990488,4,4,bike,15.150938773122373
12.4962798627848,22,6,scooter,20.473828752131148
10.678353514506195,12,2,scooter,18.262078444972765
1.088123598699777,23,5,bike,4.286475519091624
8.71660435232783,14,5,van,16.424722151752594
4.838515257233601,5,6,bike,10.400878256905052
2.9113926329835342,0,4,bike,4.189535499200796
23.93965063028907,22,4,bike,59.55374552598463
15.184313263533058,18,4,car,51.52368192257872
18.352078963796764,12,4,scooter,37.13084938021413
8.226411710019878,5,1,scooter,10.927295106764182
10.132104672603372,14,1,car,21.44945314156668
6.304637850469725,15,6,bike,9.369352970432352
2.875658938652906,23,5,bike,4.275252149419178
4.886275117318803,22,3,bike,17.06971223038188
20.0390941097639,15,0,car,38.18067796528178
17.099872227002507,9,2,scooter,65.86983544286424
13.899757461644183,21,3,bike,30.982328997201197
12.139701885235818,8,1,bike,59.81279314496941
23.09963994957505,8,1,bike,112.82807295603138
2.282006220577376,16,1,scooter,8.133723602518351
7.374719924328941,16,3,bike,13.471548578602535
9.073477412482495,16,1,bike,25.72372602811679
19.669432399213303,23,3,bike,33.608507673151735
24.816608193968296,11,1,scooter,53.63723774034362
6.39642761155025,12,4,scooter,7.946585974403169
21.920529686358474,11,4,scooter,40.49919685642312
20.850257630578888,13,0,scooter,46.863561684432916
6.0041062422232825,9,1,scooter,29.344537880673595
10.283648214880953,22,6,van,19.463083441517174
10.536985297666718,18,0,bike,49.589660976787414
24.46640637890068,1,3,scooter,37.592464009679574
4.931851583783009,3,0,scooter,8.831647827818255
20.07937029206716,18,1,bike,97.89540927296754
8.687721497241194,6,3,car,14.009039144529345
18.40632347151593,14,6,bike,32.606777071610004
10.79026960524374,14,3,bike,24.26553634810577
14.669814196355231,23,4,bike,22.41772404995615
20.89898844649021,5,3,bike,40.880179766180675
20.202056342105163,2,3,scooter,32.18676718490288
21.727367996722656,5,0,scooter,33.09297365189294
1.960624470944146,15,6,car,2.170367744737082
17.455238549473748,1,5,car,25.913875320288348
3.92969072968319,6,3,bike,12.870438777857073
10.68755491645107,10,2,scooter,43.36618286846629
13.940416168839867,6,5,car,19.16659715102789
10.367117376297353,3,4,bike,23.009285328867588
13.230486057173684,23,6,scooter,18.031148077468664
24.91489456556617,19,6,car,72.3354450788879
3.8128241859649408,6,4,scooter,5.853891149868101
17.048673110742428,3,3,bike,33.460058590389956
10.202023676447572,11,0,bike,27.341817248769363
3.7587400732295553,4,5,scooter,6.935216038494216
4.389050702670584,22,4,van,11.377779000477117
23.757191103017615,18,4,bike,113.12170475847077
22.05023666943817,4,2,van,34.713998923090706
22.722528030168036,18,3,bike,109.51387853925378
24.79255300777097,20,5,bike,103.23588642844871
5.60372705520869,2,4,scooter,5.618739362880763
9.208263765419513,10,6,scooter,31.931993853897325
16.895866233159236,6,4,bike,42.61998047149649
12.353162226585857,16,4,bike,28.47643828170921
10.75054356776917,8,4,car,41.620762753791844
9.26637560872203,20,0,van,35.95758904690491
15.04762548261458,8,1,bike,69.75614213605114
14.602039001682009,9,2,bike,68.37142982061367
4.455716934573882,12,6,car,9.109533462782874
12.057626019201757,14,0,scooter,24.752395976131666
14.060058517141321,21,2,bike,31.085977573070018
14.472029998919066,4,4,van,18.23818046264425
5.647626226352619,2,2,bike,6.866158438459747
18.685649110181025,7,3,scooter,32.11145079039601
1.1173778231162061,19,3,scooter,7.089938260706239
9.193380460807486,9,1,scooter,33.59627158220432
19.615209889123022,12,1,bike,49.11819226270774
14.315376565857358,2,2,scooter,23.65506592495994
6.898479596516076,21,0,van,18.357221467194094
17.526351423904668,7,0,scooter,32.908731498849896
14.401078131823798,8,4,scooter,58.818490572096316
20.007968431681487,21,0,bike,48.38417451743518
18.508117061650672,20,1,car,63.82980130601999
15.44764408988775,11,0,van,33.04504662098032
12.460353045114944,10,4,car,45.246955043705256
3.7629620788543234,1,3,scooter,7.98686628260957
6.902658938191903,17,0,van,29.575264216833336
10.767937086468589,8,0,bike,50.3079033570603
15.182832531656523,1,1,scooter,21.635101296018604
13.085842452774967,1,2,scooter,20.238349755714072
7.560520886008472,2,3,scooter,12.297038349662639
0.6583767658479085,15,2,car,2.0
12.657860936569941,18,4,scooter,46.756055073287165
7.497836719774956,3,4,bike,12.928183984313186
18.49790336740811,22,2,bike,42.81372494557716
1.0866834991268455,17,1,bike,5.261319280787251
14.828281376991876,19,5,scooter,59.185105179111446
23.5661188188986,17,1,bike,114.40783175919921
4.773027044231738,9,5,bike,23.708923908013563
12.055412523389586,10,5,scooter,39.87961896009227
2.739838799519885,16,1,car,4.76252838739678
15.82920685040314,23,5,van,26.374809362798924
13.988026174607526,22,5,van,21.323318054754616
10.480455343214393,23,5,car,11.31747785502861
13.273737026106659,19,3,bike,65.57590156007414
22.466079132490748,15,4,car,38.29553216134303
5.309210406621142,19,5,bike,20.456503043342078
1.0528305367810074,12,4,car,2.0
21.610789675127975,1,6,scooter,29.856944739759935
14.639368518503709,23,4,car,14.593197389909976
22.32113215881514,1,6,scooter,30.234929090868082
15.125157973622729,13,3,bike,38.477940092076786
20.34894670401271,3,4,scooter,30.219677181464252
11.026997402201125,16,2,bike,21.784859156541888
18.871568316562584,12,0,van,38.902962905537656
22.86951593880147,3,3,scooter,34.81257304956289
14.517012611194055,2,0,scooter,19.10427046238782
4.929236188778298,11,2,van,10.654545897624656
7.085541568239855,21,1,scooter,14.687224798299532
5.366792133986442,22,1,bike,16.48806077411547
6.547997176095456,7,5,bike,13.17061467423907
8.007178509100392,1,1,scooter,12.653907358815658
14.100777775453118,5,3,car,16.941577794225584
14.905794921863903,21,1,car,24.121269388684777
10.949243807425598,9,3,van,49.03789683528848
15.577809105610468,11,3,bike,36.68325337562698
2.498585677478465,20,0,bike,14.473018074471117
2.650811807924919,9,1,bike,12.58353077984892
4.709821778762632,9,4,car,12.716460967992266
13.192898701988446,22,6,bike,25.454300599912333
5.742869628108682,2,1,bike,17.857390651585362
7.440467885568145,19,1,scooter,29.460486691724306
10.307664486238355,9,1,scooter,36.38467011018328
20.390720038254305,8,5,car,57.377282051196794
0.8396223298650729,19,4,scooter,2.0
16.40978109579725,18,4,scooter,62.95926829910002
16.88747501049679,13,3,scooter,30.477328657057704
20.067066618737595,1,4,car,30.849163527174635
23.352447006977673,4,3,bike,45.1061975636631
0.9933772992576008,19,6,bike,3.546805513359181
4.267700785073797,7,0,bike,8.480674155864278
22.21119670437183,6,3,bike,52.821788269338235
11.733704773581877,5,1,car,20.815339854859086
14.332470653869857,10,2,bike,66.2007438025293
16.74416649121711,11,2,van,31.148860899185813
17.137131810143117,17,5,bike,73.53095792061158
23.327639881254452,18,1,car,83.0048812813751
24.925260726585908,9,3,car,89.81293961485841
18.143857792808035,20,1,scooter,71.51841639579523
7.536919625526195,13,5,scooter,12.082045070428073
22.05393385621142,2,4,bike,46.751797825699576
1.7059124062486593,17,3,scooter,8.610148809243922
6.161480895425157,23,6,bike,9.636112270014571
22.485950077861013,14,1,scooter,46.482001408713565
6.776692103764196,5,4,car,7.628297771547729
5.905950960732837,9,5,bike,25.55460017932805
3.884069681936057,11,4,car,7.5133759554875095
21.548238062349455,6,3,bike,54.218291740242535
12.751427350181624,16,5,scooter,19.22160432613213
17.034883474826792,0,5,van,25.483221533872968
6.3571264098382265,17,5,scooter,18.611977794626448
19.071990314774805,14,0,scooter,43.77053896399768
19.120135851571412,18,5,car,55.74651954834379
8.158651610253354,0,0,van,8.483644519810314
10.56172450875193,4,4,bike,27.83065089436589
5.637411797039921,14,6,scooter,8.240969862252237
24.425745071411153,2,0,scooter,37.8629622143271
16.317263137931086,0,4,bike,25.038142526027173
23.39632507753013,7,0,bike,55.992158801300384
7.932945818913763,11,4,bike,24.057211456919237
19.6563273684238,21,4,scooter,41.42747793631932
19.263536775176178,18,6,car,52.32915555404567
17.445563470730267,11,5,car,23.716272195998215
24.15815489403661,12,6,scooter,44.76872595933783
10.142105734604732,0,6,bike,18.19156926667637
3.702574427949054,18,5,bike,13.99617791763587
16.956867051479488,5,4,bike,32.49619240536311
18.36809011169155,7,5,scooter,28.35003262750565
14.58898404974096,3,4,bike,23.0124841716374
5.567038381768208,4,5,scooter,2.0
12.859170570899206,21,2,van,30.331526531098064
8.14864854594367,6,0,car,13.653585382740296
10.972929940083882,22,6,car,16.369829002879076
16.307855108194268,3,4,scooter,15.879487643243898
18.757761195925447,19,1,bike,89.88835252443381
6.189504927082907,3,5,bike,11.589495503674863
10.430471335850356,14,5,car,9.280188355056204
7.094458489294915,20,3,scooter,28.510433712224433
5.366474539615793,4,1,scooter,8.05659504042481
19.69298688989804,23,1,bike,34.96037797242875
22.776691013706316,8,6,scooter,83.14614147248957
9.57068854927213,1,2,bike,20.871995315423096
18.90633364715729,6,0,bike,55.32826191513246
22.476384589428072,16,2,bike,50.30454058759863
21.230043157990675,15,0,scooter,43.74601061828577
4.978928019211034,16,4,bike,16.449046721990744
23.92915109707735,19,6,bike,97.80161051443258
9.72857279052183,22,2,car,21.75132091812769
8.81139619875899,1,3,scooter,14.650705935975306
2.029567518305618,10,0,scooter,2.878180784888544
12.411254525569634,1,2,scooter,15.236619876128572
3.170833583202753,0,6,van,2.8038483454924585
6.589225612721937,1,3,bike,11.90003120942684
8.265094233298395,22,6,bike,20.964215409718268
20.316244925546258,8,1,scooter,80.99597011382724
21.949471934699464,21,5,bike,49.40547414741389
7.910424777806007,1,4,scooter,12.493739218055778
21.53810397049206,14,6,scooter,37.49471112735719
21.50215796555988,9,4,van,91.27627566086232
19.233948284429403,14,6,car,31.617797833398754
4.094030293371947,9,1,van,17.93427728410187
17.41290974906786,22,6,bike,34.142321516295354
23.653089582223934,16,6,car,36.255502791379264
17.22224172979535,8,2,bike,81.29478617158459
8.624612803141932,17,5,scooter,28.46088721533776
12.764193277055366,3,1,car,20.37984880797756
16.320263562100813,8,3,bike,77.85916624022657
13.008975013848337,15,5,scooter,29.028091026176888
3.4388470724087608,3,0,bike,8.554433888628703
8.145569093974505,15,2,bike,17.252030975608715
20.158702748563996,18,5,van,72.62231335494295
21.604742129340178,0,0,bike,36.16339832433263
3.8638508015314708,22,1,bike,11.091070537209959
23.833475433768754,5,6,scooter,29.314402389996182
8.556154137290928,9,4,car,22.538538314530545
16.72668659890264,15,5,bike,29.953560273232007
18.919716075938688,3,5,bike,27.0603702207265
20.392682748628143,21,0,car,35.96944496027577
23.67086770453529,21,0,bike,56.56221289729823
8.166528926706153,12,4,bike,22.428195950092235
21.533408136513085,15,0,car,34.192842076914154
3.7263291341870723,19,0,scooter,13.932244988957176
17.77350220566302,5,5,car,25.622509360881523
18.678454373092656,10,4,bike,88.63304369737028
17.10421940943235,23,4,van,28.867131768232078
6.681711035311248,2,6,van,7.608342009971182
21.889557101872484,19,5,bike,90.6884768262919
4.6370323525746775,9,6,bike,20.78037418578617
1.8140523922603555,0,1,van,4.961476819163268
18.07789226999185,19,1,scooter,72.66595654221818
12.149155023201976,10,5,scooter,41.478423903011524
21.302901488987562,11,0,scooter,42.99642062165014
9.893229955927344,13,2,car,14.751437070458316
4.622825418438964,7,1,car,7.2783502420834925
20.992833715511807,10,1,bike,101.76262004295975
13.948285975181756,3,5,bike,25.352872265082684
5.135296913563694,6,6,car,4.920549902294633
18.14940796536792,9,5,car,53.57843245026297
13.022284142992763,18,2,scooter,49.0738912614128
15.305668064887836,3,2,van,23.895794810843075
11.792009286061257,1,4,car,18.551414886639144
20.803370103541155,20,5,bike,85.22187801995416
20.824286534234723,17,1,car,71.10956803309413
17.880026134697463,13,6,scooter,27.38531700594534
3.0823337462133256,15,6,bike,4.749334654386194
21.051919616649688,21,3,bike,45.87950216965513
16.93981802305629,10,3,car,58.915573360647684
17.577092067105337,9,0,van,76.43467509066585
9.393079589894855,16,1,bike,23.55405834850549
22.042349125846663,13,3,bike,54.10494500843971
18.27160420575401,21,6,scooter,32.79284288903577
3.2584664299652646,3,1,car,2.0
10.490561842950985,18,5,car,28.91285378114628
22.21631886802347,1,1,scooter,27.44775682495358
1.6563191915857853,6,3,scooter,2.0
24.054707181230214,8,6,bike,97.79006113259561
17.139482923829288,18,1,scooter,68.44186730925024
15.968711452262728,15,2,bike,45.70329542968146
7.12870178395579,21,0,car,14.56746406722489
6.5953988241098385,15,4,bike,20.417695530966732
23.580426377470587,17,6,scooter,84.48311956805932
7.807675128736007,22,3,bike,18.43819522634356
19.499879769615486,20,5,scooter,67.79656805268391
10.13148405607344,20,4,bike,51.22487920090743
3.9117247342252472,10,0,bike,19.521331717890092
0.7625247935362942,6,6,bike,2.0
13.834304756873644,8,6,car,45.5245285008274
24.40658105444885,3,2,bike,46.392494282678925
9.54383674832551,12,2,car,12.085350059728317
9.2512121828296,3,2,scooter,13.691526397654496
8.930244637311331,18,2,scooter,35.87169161482364
13.253324013969031,1,3,scooter,19.176622797606992
11.296289643895191,8,6,van,40.94249241108922
22.057908354811854,11,3,bike,51.687137862839414
12.885259397225513,1,1,bike,18.434055069646874
12.940067035619935,5,5,van,12.660035054421956
3.8901040706536367,4,1,bike,5.2215508088158415
24.577118752304457,4,5,car,26.980585756075072
6.624335826286327,19,0,bike,27.778925341328158
2.297419652760265,21,1,scooter,2.0
16.747083099892617,4,0,bike,30.15830376610978
15.08647606884338,3,0,van,27.960993335125327
10.67106852282227,8,0,scooter,45.58017218543079
10.843709730076613,21,2,bike,29.021360973928026
19.734066065637563,9,4,bike,91.69254356892458
5.294959682441402,15,4,bike,12.041055894276203
20.5962063141498,9,3,car,74.32249374810591
16.394304290427947,9,0,bike,73.39858628854735
10.764759457598347,18,2,bike,50.29249926487656
11.721701106304781,9,1,scooter,47.55330644820114
6.787856576059347,5,1,scooter,5.327467330064895
18.926801151075882,16,3,bike,46.71090423355901
13.06543118647906,4,3,bike,28.76177526031561
8.360936297371168,5,0,car,14.699164726797049
15.103227836143281,23,0,van,24.362161520059033
24.895494075257414,14,1,bike,62.19237086905436
11.163925851585569,18,1,car,33.12732681402991
23.05693931907618,17,1,bike,111.50836730030646
8.952912578151869,3,1,bike,15.61443097986982
1.840951319662154,7,4,scooter,3.233597341045895
5.503931606026508,15,0,bike,13.520925937049622
10.758031011528264,23,0,scooter,17.713712526825432
5.881055750566941,18,1,car,15.807351272888294
0.5055624363472606,19,2,van,2.0
22.91753767481442,2,1,bike,41.5405164017612
21.17504557515776,9,5,bike,83.04681556131614
18.686159671430204,1,6,van,27.19554133539957
4.611457593327701,3,6,bike,9.901163580305061
3.448907617144658,5,3,scooter,9.482440197445566
2.156316362073387,10,5,bike,9.289535880556448
18.23871512493657,13,2,bike,49.43207132579766
23.25579503685319,15,3,bike,55.70877688518836
11.048127612369406,20,6,car,29.16815223966133
3.41894646390318,18,2,car,11.554240578784688
13.053624107936612,1,3,bike,23.481979737188315
9.046381732736439,16,1,car,17.056555880426586
9.683210646574944,8,1,bike,47.291289158835085
15.722600291814828,16,2,bike,38.33206393790825
18.108593774923957,14,3,car,33.944034092371176
3.209788172392441,6,4,scooter,5.129701529706686
1.3719606547586713,21,2,bike,4.9088791325819585
24.861092415800016,22,2,bike,60.50922135553282
6.20184454843102,18,5,van,23.45430050757947
1.8188478602572473,2,0,car,2.2013662579285067
5.151945562850039,0,2,car,2.979932737120706
1.4544672355373733,3,4,bike,2.0
10.099366918120706,17,1,car,34.05701926703085
20.158843719057444,7,3,bike,46.2130508558693
8.860489019064156,18,0,van,33.89986933293736
11.38249346851998,22,3,bike,25.648410200755396
17.051875952402252,22,1,bike,39.504226266615234
12.967904716712065,5,2,scooter,15.92968583433277
21.605419307522443,0,5,car,20.750414857824325
21.717874038621034,7,4,car,30.95481619133368
0.7428120395332642,0,0,bike,2.2565648202954556
19.56213450883838,18,4,scooter,81.18264845061135
11.78797320592101,10,6,car,35.19257468106439
24.726593261939744,20,4,bike,117.47470372673152
12.339185858948161,23,4,car,12.101427287462878
24.67895066201329,14,4,van,46.26882850260563
18.986949349540545,22,1,bike,45.469758077940895
6.5908196730260045,10,4,bike,33.482939762961486
13.690676992530463,18,5,bike,54.64646985144763
24.807323167225277,20,4,bike,122.24138034735824
21.50949988992213,9,1,scooter,83.97133526418723
2.885488897884917,23,3,car,7.060035153464222
17.806113921844904,11,1,scooter,33.269839982450335
8.96669985383492,0,6,bike,6.405905978352173
0.6710654160685289,23,6,scooter,2.7768134942712708
10.38528374116149,6,5,scooter,15.292823288420436
6.251483332261797,16,5,van,7.021334733829341
20.562297127751552,9,2,bike,100.14380525858947
8.764599916721254,5,1,scooter,10.815889750957545
20.77433050186852,16,3,van,40.27772278875687
0.514649501452485,17,2,scooter,5.992825592771926
8.04156917563992,4,2,bike,14.231729779150417
6.408547750540167,17,0,bike,26.45575192998699
6.222400346180969,16,4,car,9.277588160902063
2.170572184253836,21,2,bike,11.607062508089633
5.084544625057292,15,2,van,11.232534393018623
14.110964462197687,7,5,car,19.10944163715916
7.63834628452474,23,3,bike,15.605692158641741
10.726172167064124,12,2,scooter,20.089327786560656
9.733238568506119,23,6,bike,14.09704342843371
21.959670662497416,15,3,bike,50.73410399205587
22.679825475757628,10,4,car,80.32124850076812
12.577445805568571,5,6,scooter,17.410277677251816
8.588820782732308,2,5,bike,18.054805014758216
3.116617248057909,0,6,car,4.49441677643445
23.858370544861327,17,0,bike,119.10297975593376
1.9755601500572877,4,0,scooter,4.989583219111022
7.792431800422871,12,4,scooter,14.805018694634176
7.8026219286651015,9,4,bike,37.046458422992416
8.349831510435266,4,6,van,17.45184116342084
4.525027660174027,13,5,scooter,11.781065076557248
19.68745505763058,16,5,scooter,38.87932577973801
3.501197618166736,0,1,scooter,2.3641072499021387
16.055213149252488,1,2,bike,24.014886906128872
3.5342276542925277,6,2,bike,5.952646402851579
2.2281231210274357,9,2,scooter,9.408939782533357
22.781022840303976,19,3,van,95.6962677653228
5.158154774808289,6,1,car,8.924776624438296
20.620628786712754,23,6,bike,31.749719634399707
13.843456342124828,15,2,scooter,22.39281513278116
2.407484730414855,4,3,bike,5.731274756486376
23.908480690232654,11,3,bike,57.47295578019282
6.550548591301367,16,0,scooter,17.089154454824175
21.561310961138858,15,3,scooter,43.60218917959328
4.6358451417218225,19,4,bike,24.600006819313656
21.421600612475395,15,5,scooter,34.79714467021705
0.8241059161797026,18,3,car,3.866530516367239
13.038621185952277,14,4,bike,33.71842803945719
19.351343195828143,11,4,car,34.84282735977227
23.402490178573192,20,0,bike,111.65230805841641
22.775452337058933,9,6,scooter,80.27031408439068
20.5808093039173,21,0,car,37.14962802557799
22.26068806670195,1,3,scooter,37.851378124967276
5.380882303008375,6,0,van,9.847115607460337
7.462515244937355,12,0,bike,14.55957619385846
7.579728860565933,2,6,scooter,7.6461703226879
9.737821309541621,14,5,scooter,17.371545951604176
10.136356424437123,0,2,scooter,15.607567791344612
13.841605454039549,2,3,car,20.13461882015226
4.417054202477814,9,6,car,15.661187483456382
17.435543262756738,14,3,car,24.23388818258515
4.605380212960409,21,3,bike,9.609693040535957
8.102557811561415,5,0,bike,15.59526960624148
12.831955699850774,19,5,scooter,47.97842595995111
20.012793757325195,14,0,scooter,39.86544586938366
18.616996214348816,23,4,van,34.783712232652405
16.315591732057797,20,1,bike,79.96897939903639
4.316444884214169,6,1,bike,11.501796017822397
13.902610967581655,20,6,scooter,48.02623507518669
2.6424392940971932,4,1,car,3.4107028909607937
9.745397831517943,3,6,van,14.960906463008714
10.631154992104,21,2,bike,24.928632569265808
1.4753802664209688,17,0,bike,10.419510056611772
7.212708437014309,2,4,scooter,13.735207910350276
23.91341194802899,16,4,bike,60.986173619161164
23.863998891827393,17,1,van,99.15458712791823
9.132012829187213,17,5,scooter,28.545299081518287
1.5559526692339394,23,2,bike,4.336241105299098
4.887826013540447,23,6,bike,7.604828296590182
10.109335939121733,1,2,bike,19.439911550451637
23.72060260024613,12,1,car,37.31162993964816
3.9593770566610305,21,6,bike,3.8891464938609523
19.2061381698712,14,6,bike,40.78011552491689
3.162722214679956,4,1,van,2.9336238850306398
24.540810646086282,2,0,bike,47.448429759042895
9.849604228173806,4,5,car,9.448224313270591
19.49324620302687,4,2,bike,33.32511311837572
8.89348152887273,4,4,scooter,6.882322563629337
15.877887490390814,2,1,bike,33.05566268012645
5.2043940761308995,2,0,bike,11.700763487183147
4.077514972775582,19,4,scooter,11.822967534099117
23.482571419419216,22,2,bike,50.36580234411782
22.98235830865862,17,1,scooter,90.13820324946082
22.24298903521562,19,6,bike,95.68226517913972
15.82311952908154,3,5,scooter,19.58680075073027
20.302571174798818,0,1,van,32.84442681226376
2.1914049543286853,15,5,bike,7.545125597149912
8.70233152632164,7,0,bike,17.920791330704137
8.185726556550328,16,0,car,11.986325089131357
16.073310387839022,7,2,scooter,32.805378047702064
9.220965450030693,6,5,bike,18.40317808035787
4.13841615027018,7,1,scooter,5.645253458793679
15.11344334763182,20,0,bike,74.66627650061976
20.452406056392498,23,1,bike,39.3118004330644
9.862025614269342,11,2,van,23.629444202732394
3.7405835199128017,15,5,car,5.116118520537626
5.318860834164165,11,1,scooter,5.35505967510312
6.318340976649908,18,4,bike,30.36030066378938
7.847491028366138,9,1,bike,34.15256432902938
16.248479227404573,6,3,car,21.773762781180217
15.223164371174116,11,3,bike,35.71145386985023
17.55395660839246,19,6,bike,73.57397669616869
9.381298621022072,4,2,bike,22.11415353436501
20.68794247105947,15,2,scooter,37.759071269451816
5.500147698316127,8,2,bike,28.43186796567082
11.991498314194772,6,4,bike,23.98284387223153
20.122998677765043,19,5,car,63.804368346972176
4.913886869449172,21,4,scooter,7.725836248364501
3.191646286649182,13,6,bike,5.656333321479717
22.150257208355747,10,1,car,74.97768155048767
8.901776737600299,6,0,bike,23.64114085401832
17.254818060271283,9,5,scooter,55.66533824214318
1.1210408044664928,8,3,scooter,3.9519476647639173
17.406148766031514,3,3,bike,30.210485365423516
8.244482132900778,15,6,bike,23.80001930637735
1.8656509128923227,9,3,car,3.1415823499506583
15.440412657928867,18,6,van,49.795718262154324
6.3996934937927445,23,1,scooter,14.929468459244559
9.97677743027106,16,1,bike,25.418283147991485
2.4742299010195827,8,2,bike,9.514178868146786
4.105499651826161,12,0,bike,9.756568060279395
7.8004422696481726,0,2,bike,11.997834625716798
2.6991077637238496,1,1,scooter,2.0
22.815243484814722,12,4,scooter,45.137663217966676
0.6481525580074712,23,2,bike,2.0
12.354575362175629,8,5,bike,52.58496428497959
3.5195627242475105,6,1,scooter,4.120138967185161
8.03813769220974,15,1,bike,16.967349060180673
23.188459215547503,18,4,van,98.24941146697475
4.461516555212678,6,4,scooter,5.980491970564169
24.16289183309915,5,4,car,35.27344332933944
5.541962236240832,17,0,car,21.548381188599325
18.668369657437324,18,5,car,54.109596459399874
13.893592989984137,10,1,bike,68.29299723862007
22.1697288261206,11,4,van,43.79170096530231
14.072834759826709,9,0,bike,66.16555089940871
13.596700869329561,12,3,bike,37.022816144937906
5.288721009025798,11,5,scooter,11.135398300376707
4.572619370265639,20,6,bike,19.952962190957592
22.953984202330098,9,6,bike,94.73229115955748
8.532035871825835,19,3,bike,40.82795869232035
9.616015246590951,17,3,bike,41.75170888704613
19.115679631495517,3,1,scooter,28.438575913479173
8.80117531935878,23,0,bike,17.37641685160911
23.825529942655567,4,0,scooter,36.575397297393835
18.57923034047061,4,3,van,30.545860602848094
15.13701644304879,11,5,scooter,24.362055789658765
22.081931433346437,2,2,scooter,31.248959444874732
1.7153447545623275,7,3,van,2.0
6.798035958635614,21,1,bike,15.55964589312877
11.893390188412294,1,3,scooter,20.500254116646392
6.060974217052265,17,5,car,15.494384156159088
18.72567708890272,8,5,van,69.90741549353788
23.020596760816268,12,3,scooter,46.08763160335568
10.882367938307624,6,0,bike,28.90807279977361
8.882248702741427,9,3,van,38.106925883966625
24.057992937370372,8,4,bike,111.0148179646834
11.39888460427475,21,4,bike,33.73195478669995
12.48168581100744,14,2,bike,32.871118125132284
9.11542187237668,4,1,scooter,15.473298720347518
22.78393758879739,11,1,car,37.33168831070629
14.439409340405343,0,6,car,15.60058342896303
19.173277385950293,11,0,car,28.601312005148543
20.389264599596714,21,1,bike,47.93303525536683
8.875301526972825,5,2,scooter,14.18139954037388
11.125511117349312,18,4,car,38.0689792738523
21.287558472953485,18,0,scooter,90.40790437469374
9.39975611605735,15,5,van,19.528033714706694
19.951410769570355,18,4,car,71.32564498988619
23.55431190307371,2,2,scooter,37.85790001615514
15.76865414016617,22,0,bike,38.332686815679295
18.669868542571276,9,3,scooter,76.04391463693095
20.224884145007806,17,1,van,80.72569968118287
21.203471397967743,12,2,bike,50.107223688690894
10.178806777491502,17,0,car,30.705458336158053
1.7559547498119552,2,4,bike,2.0
10.345968645300118,22,0,scooter,24.272805646875767
17.0070276297102,2,3,scooter,22.93503192613713
11.533584451629423,22,2,scooter,19.096198707048885
18.849597196079763,11,0,car,33.48233396066413
9.246069521982266,19,5,bike,38.38625261712698
16.051231457048722,6,2,bike,39.86174885281073
5.067285218922377,23,2,car,11.94985041695102
18.859551197801444,7,4,bike,46.98119896157462
13.869551235919133,8,6,scooter,43.59008761487337
5.499577519391714,13,1,bike,15.997677506277206
7.651823750696278,4,6,bike,11.624092066159811
18.840913360254895,20,5,scooter,66.037447366983
12.323730273707257,18,3,car,37.29255782667589
5.792770289630269,20,0,bike,29.315051813807816
24.198144164072293,15,6,bike,46.59605054673696
18.020562985513752,23,1,bike,34.871479697969704
23.949803397225004,11,4,scooter,45.73101238049901
10.96407361132841,20,1,bike,54.79404641034783
12.139958346947152,3,2,scooter,14.79169361908778
22.499902796532968,7,2,car,33.88895725682359
13.363708836011924,6,3,scooter,25.103253027902724
17.828333341688847,14,5,bike,38.005915644563316
6.678235498640484,5,0,scooter,6.8387350518074586
11.444798483214694,4,0,van,19.476544647017683
3.5245217123537,13,4,bike,11.082070678120052
5.546510878985561,20,3,bike,22.6524341218325
0.5231136740569616,12,0,scooter,2.0
1.4619937653921757,9,5,bike,7.721586747565335
24.443453667834767,17,2,scooter,97.19517802329536
6.437665530850676,3,3,car,8.241777987593851
16.75111238284805,7,1,scooter,29.275538160433314
21.057942620590484,23,6,scooter,29.483528549569154
13.991181251295824,10,6,scooter,48.84861748157702
4.2520402520569265,16,3,bike,10.656896098022138
18.338852714736078,17,3,bike,94.22051698248745
15.206159547439785,20,5,car,44.71513732590077
18.41563943901069,10,5,van,69.59767435413521
19.358792259998637,15,0,car,37.05083744871079
24.397554008276256,11,6,van,45.316398895642784
14.552300360654394,12,4,bike,32.77578873176202
8.870207260919745,15,4,bike,22.483632684369578
16.387381644055807,22,5,bike,32.14473105216113
2.1767973764443402,20,0,bike,14.046648073803947
22.486234298878866,0,0,car,31.196334844589167
3.4248347777858212,15,0,van,4.755747659358562
8.532149528202547,14,5,car,8.977198335237972
20.485761825339964,5,4,scooter,31.985602754070616
15.13415326910244,11,0,bike,37.088462877260994
